config,src,tgt,,sc_model_id,device,early_stop,save_top_k,max_steps,warmup_steps,batch_size (train/val/test),effective_batch,val_interval,learning_rate,weight_decay,gradient_clip_val,train,val,test,,n_gpus,seed,qos,,append_src_token,append_tgt_token,upsample,,train_data,val_data,test_data,,spm,do_char,,save,test_checkpoint,remove_special_toks,verbose,little_verbose,from_pretrained,,encoder_layers,encoder_attention_heads,encoder_ffn_dim,encoder_layerdrop,,decoder_layers,decoder_attention_heads,decoder_ffn_dim,decoder_layerdrop,,max_position_embeddings,max_length,d_model,dropout,activation_function,,date
aeb-en/FINETUNE.SC_ar2aeb-en>>aeb-en.yaml,aeb,en,,AR-AEB-RNN-0-RNN-195,cuda,10,10,60000,3000,128/128/128,128/128/128,0.25,5e-05,0.0,1.0,"169,861",997,"1,012",,1,1000,dw87,,False,False,False,,data/CharLOTTE/PLAIN/aeb-en/train.csv,data/CharLOTTE/PLAIN/aeb-en/val.csv,data/CharLOTTE/PLAIN/aeb-en/test.csv,,SC_ar2aeb-aeb_en/SC_ar2aeb-aeb_en/SC_ar2aeb-aeb_en,False,,aeb-en/FINETUNE.SC_ar2aeb-en>>aeb-en,,True,False,True,aeb-en/PRETRAIN.SC_ar2aeb-en_TRIAL_s=1000,,6,8,2048,0.0,,6,8,2048,0.0,,512,512,512,0.1,gelu,,2026-02-16 20:19:35
aeb-en/FINETUNE.ar-en>>aeb-en.yaml,aeb,en,,,cuda,10,10,60000,3000,128/128/128,128/128/128,0.25,5e-05,0.0,1.0,"169,861",997,"1,012",,1,1000,dw87,,False,False,False,,data/CharLOTTE/PLAIN/aeb-en/train.csv,data/CharLOTTE/PLAIN/aeb-en/val.csv,data/CharLOTTE/PLAIN/aeb-en/test.csv,,ar-aeb_en/ar-aeb_en/ar-aeb_en,False,,aeb-en/FINETUNE.ar-en>>aeb-en,,True,False,True,aeb-en/PRETRAIN.ar-en_TRIAL_s=1000,,6,8,2048,0.0,,6,8,2048,0.0,,512,512,512,0.1,gelu,,2026-02-16 20:19:35
aeb-en/NMT.aeb-en.yaml,aeb,en,,,cuda,10,10,60000,3000,128/128/128,128/128/128,0.25,5e-05,0.0,1.0,"169,861",997,"1,012",,1,1000,dw87,,False,False,False,,data/CharLOTTE/PLAIN/aeb-en/train.csv,data/CharLOTTE/PLAIN/aeb-en/val.csv,data/CharLOTTE/PLAIN/aeb-en/test.csv,,ar-aeb_en/ar-aeb_en/ar-aeb_en,False,,aeb-en/NMT.aeb-en,,True,False,True,,,6,8,2048,0.0,,6,8,2048,0.0,,512,512,512,0.1,gelu,,2026-02-16 20:19:35
aeb-en/PRETRAIN.SC_ar2aeb-en.yaml,ar,en,,AR-AEB-RNN-0-RNN-195,cuda,10,10,350000,17500,128/128/128,512/512/512,0.25,0.0005,0.01,1.0,"9,999,960",997,"1,012",,4,1000,dw87,,False,False,False,,data/CharLOTTE/SC/SC_ar2aeb-en/train.csv,data/CharLOTTE/SC/SC_ar2aeb-en/val.csv,data/CharLOTTE/SC/SC_ar2aeb-en/test.csv,,SC_ar2aeb-aeb_en/SC_ar2aeb-aeb_en/SC_ar2aeb-aeb_en,False,,aeb-en/PRETRAIN.SC_ar2aeb-en,,True,False,True,,,6,8,2048,0.0,,6,8,2048,0.0,,512,512,512,0.1,gelu,,2026-02-16 20:19:35
aeb-en/PRETRAIN.ar-en.yaml,ar,en,,,cuda,10,10,350000,17500,128/128/128,512/512/512,0.25,0.0005,0.01,1.0,"9,999,960",997,"1,012",,4,1000,dw87,,False,False,False,,data/CharLOTTE/PLAIN/ar-en/train.csv,data/CharLOTTE/PLAIN/ar-en/val.csv,data/CharLOTTE/PLAIN/ar-en/test.csv,,ar-aeb_en/ar-aeb_en/ar-aeb_en,False,,aeb-en/PRETRAIN.ar-en,,True,False,True,,,6,8,2048,0.0,,6,8,2048,0.0,,512,512,512,0.1,gelu,,2026-02-16 20:19:35

an-en/AUGMENT.SC_es2an-en.yaml,an,en,,ES-AN-RNN-0-RNN-213,cuda,10,10,350000,17500,128/128/128,512/512/512,0.25,0.0005,0.01,1.0,"10,020,082",997,"1,012",,4,1000,dw87,,False,False,True,,data/CharLOTTE/augmented_data/SC/SC_es2an-en/train.csv,data/CharLOTTE/PLAIN/an-en/val.csv,data/CharLOTTE/PLAIN/an-en/test.csv,,SC_es2an-an_en/SC_es2an-an_en/SC_es2an-an_en,False,,an-en/AUGMENT.SC_es2an-en,,True,False,True,,,6,8,2048,0.0,,6,8,2048,0.0,,512,512,512,0.1,gelu,,2026-02-16 20:19:35
an-en/AUGMENT.an-en.yaml,an,en,,,cuda,10,10,350000,17500,128/128/128,512/512/512,0.25,0.0005,0.01,1.0,"10,020,082",997,"1,012",,4,1000,dw87,,False,False,True,,data/CharLOTTE/augmented_data/PLAIN/an-en/train.csv,data/CharLOTTE/PLAIN/an-en/val.csv,data/CharLOTTE/PLAIN/an-en/test.csv,,es-an_en/es-an_en/es-an_en,False,,an-en/AUGMENT.an-en,,True,False,True,,,6,8,2048,0.0,,6,8,2048,0.0,,512,512,512,0.1,gelu,,2026-02-16 20:19:35
an-en/FINETUNE.SC_es2an-en>>an-en.yaml,an,en,,ES-AN-RNN-0-RNN-213,cuda,5,10,20000,1000,32/32/32,32/32/32,0.5,5e-05,0.0,1.0,"20,089",997,"1,012",,1,1000,dw87,,False,False,False,,data/CharLOTTE/PLAIN/an-en/train.csv,data/CharLOTTE/PLAIN/an-en/val.csv,data/CharLOTTE/PLAIN/an-en/test.csv,,SC_es2an-an_en/SC_es2an-an_en/SC_es2an-an_en,False,,an-en/FINETUNE.SC_es2an-en>>an-en,,True,False,True,an-en/PRETRAIN.SC_es2an-en_TRIAL_s=1000,,6,8,2048,0.0,,6,8,2048,0.0,,512,512,512,0.1,gelu,,2026-02-16 20:19:35
an-en/FINETUNE.es-en>>an-en.yaml,an,en,,,cuda,5,10,20000,1000,32/32/32,32/32/32,0.5,5e-05,0.0,1.0,"20,089",997,"1,012",,1,1000,dw87,,False,False,False,,data/CharLOTTE/PLAIN/an-en/train.csv,data/CharLOTTE/PLAIN/an-en/val.csv,data/CharLOTTE/PLAIN/an-en/test.csv,,es-an_en/es-an_en/es-an_en,False,,an-en/FINETUNE.es-en>>an-en,,True,False,True,an-en/PRETRAIN.es-en_TRIAL_s=1000,,6,8,2048,0.0,,6,8,2048,0.0,,512,512,512,0.1,gelu,,2026-02-16 20:19:35
an-en/NMT.an-en.yaml,an,en,,,cuda,5,10,20000,1000,32/32/32,32/32/32,0.5,5e-05,0.0,1.0,"20,089",997,"1,012",,1,1000,dw87,,False,False,False,,data/CharLOTTE/PLAIN/an-en/train.csv,data/CharLOTTE/PLAIN/an-en/val.csv,data/CharLOTTE/PLAIN/an-en/test.csv,,es-an_en/es-an_en/es-an_en,False,,an-en/NMT.an-en,,True,False,True,,,6,8,2048,0.0,,6,8,2048,0.0,,512,512,512,0.1,gelu,,2026-02-16 20:19:35
an-en/PRETRAIN.SC_es2an-en.TEST-an-en.yaml,es,en,,ES-AN-RNN-0-RNN-213,cuda,10,10,350000,17500,128/128/128,512/512/512,0.25,0.0005,0.01,1.0,"9,999,993",997,"1,012",,4,1000,dw87,,False,False,False,,data/CharLOTTE/SC/SC_es2an-en/train.csv,data/CharLOTTE/SC/SC_es2an-en/val.csv,data/CharLOTTE/PLAIN/an-en/test.csv,,SC_es2an-an_en/SC_es2an-an_en/SC_es2an-an_en,False,,an-en/PRETRAIN.SC_es2an-en,,True,False,True,,,6,8,2048,0.0,,6,8,2048,0.0,,512,512,512,0.1,gelu,,2026-02-16 20:19:35
an-en/PRETRAIN.SC_es2an-en.yaml,es,en,,ES-AN-RNN-0-RNN-213,cuda,10,10,350000,17500,128/128/128,512/512/512,0.25,0.0005,0.01,1.0,"9,999,993",997,"1,012",,4,1000,dw87,,False,False,False,,data/CharLOTTE/SC/SC_es2an-en/train.csv,data/CharLOTTE/SC/SC_es2an-en/val.csv,data/CharLOTTE/SC/SC_es2an-en/test.csv,,SC_es2an-an_en/SC_es2an-an_en/SC_es2an-an_en,False,,an-en/PRETRAIN.SC_es2an-en,,True,False,True,,,6,8,2048,0.0,,6,8,2048,0.0,,512,512,512,0.1,gelu,,2026-02-16 20:19:35
an-en/PRETRAIN.es-en.TEST-an-en.yaml,es,en,,,cuda,10,10,350000,17500,128/128/128,512/512/512,0.25,0.0005,0.01,1.0,"9,999,993",997,"1,012",,4,1000,dw87,,False,False,False,,data/CharLOTTE/PLAIN/es-en/train.csv,data/CharLOTTE/PLAIN/es-en/val.csv,data/CharLOTTE/PLAIN/an-en/test.csv,,es-an_en/es-an_en/es-an_en,False,,an-en/PRETRAIN.es-en,,True,False,True,,,6,8,2048,0.0,,6,8,2048,0.0,,512,512,512,0.1,gelu,,2026-02-16 20:19:35
an-en/PRETRAIN.es-en.yaml,es,en,,,cuda,10,10,350000,17500,128/128/128,512/512/512,0.25,0.0005,0.01,1.0,"9,999,993",997,"1,012",,4,1000,dw87,,False,False,False,,data/CharLOTTE/PLAIN/es-en/train.csv,data/CharLOTTE/PLAIN/es-en/val.csv,data/CharLOTTE/PLAIN/es-en/test.csv,,es-an_en/es-an_en/es-an_en,False,,an-en/PRETRAIN.es-en,,True,False,True,,,6,8,2048,0.0,,6,8,2048,0.0,,512,512,512,0.1,gelu,,2026-02-16 20:19:35

an-en_chosen_0/AUGMENT.SC_es2an-en.yaml,an,en,,ES-AN-RNN-0-RNN-213,cuda,10,10,350000,17500,128/128/128,512/512/512,0.25,0.0005,0.01,1.0,"10,020,082",997,"1,012",,4,1000,dw87,,False,False,True,,data/CharLOTTE/augmented_data/SC/SC_es2an-en/train.csv,data/CharLOTTE/PLAIN/an-en/val.csv,data/CharLOTTE/PLAIN/an-en/test.csv,,SC_es2an-an_en_0/SC_es2an-an_en/SC_es2an-an_en,False,,an-en_chosen_0/AUGMENT.SC_es2an-en,,True,False,True,,,6,8,2048,0.0,,6,8,2048,0.0,,512,512,512,0.1,gelu,,2026-02-16 20:19:35
an-en_chosen_0/AUGMENT.an-en.yaml,an,en,,,cuda,10,10,350000,17500,128/128/128,512/512/512,0.25,0.0005,0.01,1.0,"10,020,082",997,"1,012",,4,1000,dw87,,False,False,True,,data/CharLOTTE/augmented_data/PLAIN/an-en/train.csv,data/CharLOTTE/PLAIN/an-en/val.csv,data/CharLOTTE/PLAIN/an-en/test.csv,,es-an_en/es-an_en/es-an_en,False,,an-en_chosen_0/AUGMENT.an-en,,True,False,True,,,6,8,2048,0.0,,6,8,2048,0.0,,512,512,512,0.1,gelu,,2026-02-16 20:19:35
an-en_chosen_0/FINETUNE.SC_es2an-en>>an-en.yaml,an,en,,ES-AN-RNN-0-RNN-213,cuda,5,10,20000,1000,32/32/32,32/32/32,0.5,5e-05,0.0,1.0,"20,089",997,"1,012",,1,1000,dw87,,False,False,False,,data/CharLOTTE/PLAIN/an-en/train.csv,data/CharLOTTE/PLAIN/an-en/val.csv,data/CharLOTTE/PLAIN/an-en/test.csv,,SC_es2an-an_en_0/SC_es2an-an_en/SC_es2an-an_en,False,,an-en_chosen_0/FINETUNE.SC_es2an-en>>an-en,,True,False,True,an-en_chosen_0/PRETRAIN.SC_es2an-en_TRIAL_s=1000,,6,8,2048,0.0,,6,8,2048,0.0,,512,512,512,0.1,gelu,,2026-02-16 20:19:35
an-en_chosen_0/FINETUNE.es-en>>an-en.yaml,an,en,,,cuda,5,10,20000,1000,32/32/32,32/32/32,0.5,5e-05,0.0,1.0,"20,089",997,"1,012",,1,1000,dw87,,False,False,False,,data/CharLOTTE/PLAIN/an-en/train.csv,data/CharLOTTE/PLAIN/an-en/val.csv,data/CharLOTTE/PLAIN/an-en/test.csv,,es-an_en/es-an_en/es-an_en,False,,an-en_chosen_0/FINETUNE.es-en>>an-en,,True,False,True,an-en_chosen_0/PRETRAIN.es-en_TRIAL_s=1000,,6,8,2048,0.0,,6,8,2048,0.0,,512,512,512,0.1,gelu,,2026-02-16 20:19:35
an-en_chosen_0/NMT.an-en.yaml,an,en,,,cuda,5,10,20000,1000,32/32/32,32/32/32,0.5,5e-05,0.0,1.0,"20,089",997,"1,012",,1,1000,dw87,,False,False,False,,data/CharLOTTE/PLAIN/an-en/train.csv,data/CharLOTTE/PLAIN/an-en/val.csv,data/CharLOTTE/PLAIN/an-en/test.csv,,es-an_en/es-an_en/es-an_en,False,,an-en_chosen_0/NMT.an-en,,True,False,True,,,6,8,2048,0.0,,6,8,2048,0.0,,512,512,512,0.1,gelu,,2026-02-16 20:19:35
an-en_chosen_0/PRETRAIN.SC_es2an-en.TEST-an-en.yaml,es,en,,ES-AN-RNN-0-RNN-213,cuda,10,10,350000,17500,128/128/128,512/512/512,0.25,0.0005,0.01,1.0,"9,999,993",997,"1,012",,4,1000,dw87,,False,False,False,,data/CharLOTTE/SC/SC_es2an-en/train.csv,data/CharLOTTE/SC/SC_es2an-en/val.csv,data/CharLOTTE/PLAIN/an-en/test.csv,,SC_es2an-an_en_0/SC_es2an-an_en/SC_es2an-an_en,False,,an-en_chosen_0/PRETRAIN.SC_es2an-en,,True,False,True,,,6,8,2048,0.0,,6,8,2048,0.0,,512,512,512,0.1,gelu,,2026-02-16 20:19:35
an-en_chosen_0/PRETRAIN.SC_es2an-en.yaml,es,en,,ES-AN-RNN-0-RNN-213,cuda,10,10,350000,17500,128/128/128,512/512/512,0.25,0.0005,0.01,1.0,"9,999,993",997,"1,012",,4,1000,dw87,,False,False,False,,data/CharLOTTE/SC/SC_es2an-en/train.csv,data/CharLOTTE/SC/SC_es2an-en/val.csv,data/CharLOTTE/SC/SC_es2an-en/test.csv,,SC_es2an-an_en_0/SC_es2an-an_en/SC_es2an-an_en,False,,an-en_chosen_0/PRETRAIN.SC_es2an-en,,True,False,True,,,6,8,2048,0.0,,6,8,2048,0.0,,512,512,512,0.1,gelu,,2026-02-16 20:19:35
an-en_chosen_0/PRETRAIN.es-en.TEST-an-en.yaml,es,en,,,cuda,10,10,350000,17500,128/128/128,512/512/512,0.25,0.0005,0.01,1.0,"9,999,993",997,"1,012",,4,1000,dw87,,False,False,False,,data/CharLOTTE/PLAIN/es-en/train.csv,data/CharLOTTE/PLAIN/es-en/val.csv,data/CharLOTTE/PLAIN/an-en/test.csv,,es-an_en/es-an_en/es-an_en,False,,an-en_chosen_0/PRETRAIN.es-en,,True,False,True,,,6,8,2048,0.0,,6,8,2048,0.0,,512,512,512,0.1,gelu,,2026-02-16 20:19:35
an-en_chosen_0/PRETRAIN.es-en.yaml,es,en,,,cuda,10,10,350000,17500,128/128/128,512/512/512,0.25,0.0005,0.01,1.0,"9,999,993",997,"1,012",,4,1000,dw87,,False,False,False,,data/CharLOTTE/PLAIN/es-en/train.csv,data/CharLOTTE/PLAIN/es-en/val.csv,data/CharLOTTE/PLAIN/es-en/test.csv,,es-an_en/es-an_en/es-an_en,False,,an-en_chosen_0/PRETRAIN.es-en,,True,False,True,,,6,8,2048,0.0,,6,8,2048,0.0,,512,512,512,0.1,gelu,,2026-02-16 20:19:35

an-en_chosen_2/AUGMENT.SC_es2an-en.yaml,an,en,,ES-AN-RNN-0-RNN-213,cuda,10,10,350000,17500,128/128/128,512/512/512,0.25,0.0005,0.01,1.0,"10,020,082",997,"1,012",,4,1000,dw87,,False,False,True,,data/CharLOTTE/augmented_data/SC/SC_es2an-en/train.csv,data/CharLOTTE/PLAIN/an-en/val.csv,data/CharLOTTE/PLAIN/an-en/test.csv,,SC_es2an-an_en_2/SC_es2an-an_en/SC_es2an-an_en,False,,an-en_chosen_2/AUGMENT.SC_es2an-en,,True,False,True,,,6,8,2048,0.0,,6,8,2048,0.0,,512,512,512,0.1,gelu,,2026-02-16 20:19:35
an-en_chosen_2/AUGMENT.an-en.yaml,an,en,,,cuda,10,10,350000,17500,128/128/128,512/512/512,0.25,0.0005,0.01,1.0,"10,020,082",997,"1,012",,4,1000,dw87,,False,False,True,,data/CharLOTTE/augmented_data/PLAIN/an-en/train.csv,data/CharLOTTE/PLAIN/an-en/val.csv,data/CharLOTTE/PLAIN/an-en/test.csv,,es-an_en/es-an_en/es-an_en,False,,an-en_chosen_2/AUGMENT.an-en,,True,False,True,,,6,8,2048,0.0,,6,8,2048,0.0,,512,512,512,0.1,gelu,,2026-02-16 20:19:35
an-en_chosen_2/FINETUNE.SC_es2an-en>>an-en.yaml,an,en,,ES-AN-RNN-0-RNN-213,cuda,5,10,20000,1000,32/32/32,32/32/32,0.5,5e-05,0.0,1.0,"20,089",997,"1,012",,1,1000,dw87,,False,False,False,,data/CharLOTTE/PLAIN/an-en/train.csv,data/CharLOTTE/PLAIN/an-en/val.csv,data/CharLOTTE/PLAIN/an-en/test.csv,,SC_es2an-an_en_2/SC_es2an-an_en/SC_es2an-an_en,False,,an-en_chosen_2/FINETUNE.SC_es2an-en>>an-en,,True,False,True,an-en_chosen_2/PRETRAIN.SC_es2an-en_TRIAL_s=1000,,6,8,2048,0.0,,6,8,2048,0.0,,512,512,512,0.1,gelu,,2026-02-16 20:19:35
an-en_chosen_2/FINETUNE.es-en>>an-en.yaml,an,en,,,cuda,5,10,20000,1000,32/32/32,32/32/32,0.5,5e-05,0.0,1.0,"20,089",997,"1,012",,1,1000,dw87,,False,False,False,,data/CharLOTTE/PLAIN/an-en/train.csv,data/CharLOTTE/PLAIN/an-en/val.csv,data/CharLOTTE/PLAIN/an-en/test.csv,,es-an_en/es-an_en/es-an_en,False,,an-en_chosen_2/FINETUNE.es-en>>an-en,,True,False,True,an-en_chosen_2/PRETRAIN.es-en_TRIAL_s=1000,,6,8,2048,0.0,,6,8,2048,0.0,,512,512,512,0.1,gelu,,2026-02-16 20:19:35
an-en_chosen_2/NMT.an-en.yaml,an,en,,,cuda,5,10,20000,1000,32/32/32,32/32/32,0.5,5e-05,0.0,1.0,"20,089",997,"1,012",,1,1000,dw87,,False,False,False,,data/CharLOTTE/PLAIN/an-en/train.csv,data/CharLOTTE/PLAIN/an-en/val.csv,data/CharLOTTE/PLAIN/an-en/test.csv,,es-an_en/es-an_en/es-an_en,False,,an-en_chosen_2/NMT.an-en,,True,False,True,,,6,8,2048,0.0,,6,8,2048,0.0,,512,512,512,0.1,gelu,,2026-02-16 20:19:35
an-en_chosen_2/PRETRAIN.SC_es2an-en.TEST-an-en.yaml,es,en,,ES-AN-RNN-0-RNN-213,cuda,10,10,350000,17500,128/128/128,512/512/512,0.25,0.0005,0.01,1.0,"9,999,993",997,"1,012",,4,1000,dw87,,False,False,False,,data/CharLOTTE/SC/SC_es2an-en/train.csv,data/CharLOTTE/SC/SC_es2an-en/val.csv,data/CharLOTTE/PLAIN/an-en/test.csv,,SC_es2an-an_en_2/SC_es2an-an_en/SC_es2an-an_en,False,,an-en_chosen_2/PRETRAIN.SC_es2an-en,,True,False,True,,,6,8,2048,0.0,,6,8,2048,0.0,,512,512,512,0.1,gelu,,2026-02-16 20:19:35
an-en_chosen_2/PRETRAIN.SC_es2an-en.yaml,es,en,,ES-AN-RNN-0-RNN-213,cuda,10,10,350000,17500,128/128/128,512/512/512,0.25,0.0005,0.01,1.0,"9,999,993",997,"1,012",,4,1000,dw87,,False,False,False,,data/CharLOTTE/SC/SC_es2an-en/train.csv,data/CharLOTTE/SC/SC_es2an-en/val.csv,data/CharLOTTE/SC/SC_es2an-en/test.csv,,SC_es2an-an_en_2/SC_es2an-an_en/SC_es2an-an_en,False,,an-en_chosen_2/PRETRAIN.SC_es2an-en,,True,False,True,,,6,8,2048,0.0,,6,8,2048,0.0,,512,512,512,0.1,gelu,,2026-02-16 20:19:35
an-en_chosen_2/PRETRAIN.es-en.TEST-an-en.yaml,es,en,,,cuda,10,10,350000,17500,128/128/128,512/512/512,0.25,0.0005,0.01,1.0,"9,999,993",997,"1,012",,4,1000,dw87,,False,False,False,,data/CharLOTTE/PLAIN/es-en/train.csv,data/CharLOTTE/PLAIN/es-en/val.csv,data/CharLOTTE/PLAIN/an-en/test.csv,,es-an_en/es-an_en/es-an_en,False,,an-en_chosen_2/PRETRAIN.es-en,,True,False,True,,,6,8,2048,0.0,,6,8,2048,0.0,,512,512,512,0.1,gelu,,2026-02-16 20:19:35
an-en_chosen_2/PRETRAIN.es-en.yaml,es,en,,,cuda,10,10,350000,17500,128/128/128,512/512/512,0.25,0.0005,0.01,1.0,"9,999,993",997,"1,012",,4,1000,dw87,,False,False,False,,data/CharLOTTE/PLAIN/es-en/train.csv,data/CharLOTTE/PLAIN/es-en/val.csv,data/CharLOTTE/PLAIN/es-en/test.csv,,es-an_en/es-an_en/es-an_en,False,,an-en_chosen_2/PRETRAIN.es-en,,True,False,True,,,6,8,2048,0.0,,6,8,2048,0.0,,512,512,512,0.1,gelu,,2026-02-16 20:19:35

anx-enx/FINETUNE.SC_esx2anx-enx>>anx-enx.yaml,anx,enx,,ESX-ANX-RNN-0-RNN-284,cuda,5,10,20000,1000,32/32/32,32/32/32,0.5,5e-05,0.0,1.0,"20,089",997,"1,012",,1,1000,dw87,,False,False,False,,data/CharLOTTE/PLAIN/anx-enx/train.csv,data/CharLOTTE/PLAIN/anx-enx/val.csv,data/CharLOTTE/PLAIN/anx-enx/test.csv,,SC_esx2anx-anx_enx/SC_esx2anx-anx_enx/SC_esx2anx-anx_enx,False,,anx-enx/FINETUNE.SC_esx2anx-enx>>anx-enx,,True,False,True,anx-enx/PRETRAIN.SC_esx2anx-enx_TRIAL_s=1000,,6,8,2048,0.0,,6,8,2048,0.0,,512,512,512,0.1,gelu,,2026-02-16 20:19:35
anx-enx/FINETUNE.esx-enx>>anx-enx.yaml,anx,enx,,,cuda,5,10,20000,1000,32/32/32,32/32/32,0.5,5e-05,0.0,1.0,"20,089",997,"1,012",,1,1000,dw87,,False,False,False,,data/CharLOTTE/PLAIN/anx-enx/train.csv,data/CharLOTTE/PLAIN/anx-enx/val.csv,data/CharLOTTE/PLAIN/anx-enx/test.csv,,esx-anx_enx/esx-anx_enx/esx-anx_enx,False,,anx-enx/FINETUNE.esx-enx>>anx-enx,,True,False,True,anx-enx/PRETRAIN.esx-enx_TRIAL_s=1000,,6,8,2048,0.0,,6,8,2048,0.0,,512,512,512,0.1,gelu,,2026-02-16 20:19:35
anx-enx/NMT.anx-enx.yaml,anx,enx,,,cuda,5,10,20000,1000,32/32/32,32/32/32,0.5,5e-05,0.0,1.0,"20,089",997,"1,012",,1,1000,dw87,,False,False,False,,data/CharLOTTE/PLAIN/anx-enx/train.csv,data/CharLOTTE/PLAIN/anx-enx/val.csv,data/CharLOTTE/PLAIN/anx-enx/test.csv,,esx-anx_enx/esx-anx_enx/esx-anx_enx,False,,anx-enx/NMT.anx-enx,,True,False,True,,,6,8,2048,0.0,,6,8,2048,0.0,,512,512,512,0.1,gelu,,2026-02-16 20:19:35
anx-enx/PRETRAIN.SC_esx2anx-enx.yaml,esx,enx,,ESX-ANX-RNN-0-RNN-284,cuda,10,10,350000,17500,128/128/128,512/512/512,0.25,0.0005,0.01,1.0,"9,999,993",997,"1,012",,4,1000,dw87,,False,False,False,,data/CharLOTTE/SC/SC_esx2anx-enx/train.csv,data/CharLOTTE/SC/SC_esx2anx-enx/val.csv,data/CharLOTTE/SC/SC_esx2anx-enx/test.csv,,SC_esx2anx-anx_enx/SC_esx2anx-anx_enx/SC_esx2anx-anx_enx,False,,anx-enx/PRETRAIN.SC_esx2anx-enx,,True,False,True,,,6,8,2048,0.0,,6,8,2048,0.0,,512,512,512,0.1,gelu,,2026-02-16 20:19:35
anx-enx/PRETRAIN.esx-enx.yaml,esx,enx,,,cuda,10,10,350000,17500,128/128/128,512/512/512,0.25,0.0005,0.01,1.0,"9,999,993",997,"1,012",,4,1000,dw87,,False,False,False,,data/CharLOTTE/PLAIN/esx-enx/train.csv,data/CharLOTTE/PLAIN/esx-enx/val.csv,data/CharLOTTE/PLAIN/esx-enx/test.csv,,esx-anx_enx/esx-anx_enx/esx-anx_enx,False,,anx-enx/PRETRAIN.esx-enx,,True,False,True,,,6,8,2048,0.0,,6,8,2048,0.0,,512,512,512,0.1,gelu,,2026-02-16 20:19:35

apc-en/FINETUNE.SC_ar2apc-en>>apc-en.yaml,apc,en,,AR-APC-RNN-0-RNN-283,cuda,10,10,60000,3000,128/128/128,128/128/128,0.25,5e-05,0.0,1.0,"116,869",997,"1,012",,1,1000,dw87,,False,False,False,,data/CharLOTTE/PLAIN/apc-en/train.csv,data/CharLOTTE/PLAIN/apc-en/val.csv,data/CharLOTTE/PLAIN/apc-en/test.csv,,SC_ar2apc-apc_en/SC_ar2apc-apc_en/SC_ar2apc-apc_en,False,,apc-en/FINETUNE.SC_ar2apc-en>>apc-en,,True,False,True,apc-en/PRETRAIN.SC_ar2apc-en_TRIAL_s=1000,,6,8,2048,0.0,,6,8,2048,0.0,,512,512,512,0.1,gelu,,2026-02-16 20:19:35
apc-en/FINETUNE.ar-en>>apc-en.yaml,apc,en,,,cuda,10,10,60000,3000,128/128/128,128/128/128,0.25,5e-05,0.0,1.0,"116,869",997,"1,012",,1,1000,dw87,,False,False,False,,data/CharLOTTE/PLAIN/apc-en/train.csv,data/CharLOTTE/PLAIN/apc-en/val.csv,data/CharLOTTE/PLAIN/apc-en/test.csv,,ar-apc_en/ar-apc_en/ar-apc_en,False,,apc-en/FINETUNE.ar-en>>apc-en,,True,False,True,apc-en/PRETRAIN.ar-en_TRIAL_s=1000,,6,8,2048,0.0,,6,8,2048,0.0,,512,512,512,0.1,gelu,,2026-02-16 20:19:35
apc-en/NMT.apc-en.yaml,apc,en,,,cuda,10,10,60000,3000,128/128/128,128/128/128,0.25,5e-05,0.0,1.0,"116,869",997,"1,012",,1,1000,dw87,,False,False,False,,data/CharLOTTE/PLAIN/apc-en/train.csv,data/CharLOTTE/PLAIN/apc-en/val.csv,data/CharLOTTE/PLAIN/apc-en/test.csv,,ar-apc_en/ar-apc_en/ar-apc_en,False,,apc-en/NMT.apc-en,,True,False,True,,,6,8,2048,0.0,,6,8,2048,0.0,,512,512,512,0.1,gelu,,2026-02-16 20:19:35
apc-en/PRETRAIN.SC_ar2apc-en.yaml,ar,en,,AR-APC-RNN-0-RNN-283,cuda,10,10,350000,17500,128/128/128,512/512/512,0.25,0.0005,0.01,1.0,"9,999,960",997,"1,012",,4,1000,dw87,,False,False,False,,data/CharLOTTE/SC/SC_ar2apc-en/train.csv,data/CharLOTTE/SC/SC_ar2apc-en/val.csv,data/CharLOTTE/SC/SC_ar2apc-en/test.csv,,SC_ar2apc-apc_en/SC_ar2apc-apc_en/SC_ar2apc-apc_en,False,,apc-en/PRETRAIN.SC_ar2apc-en,,True,False,True,,,6,8,2048,0.0,,6,8,2048,0.0,,512,512,512,0.1,gelu,,2026-02-16 20:19:35
apc-en/PRETRAIN.ar-en.yaml,ar,en,,,cuda,10,10,350000,17500,128/128/128,512/512/512,0.25,0.0005,0.01,1.0,"9,999,960",997,"1,012",,4,1000,dw87,,False,False,False,,data/CharLOTTE/PLAIN/ar-en/train.csv,data/CharLOTTE/PLAIN/ar-en/val.csv,data/CharLOTTE/PLAIN/ar-en/test.csv,,ar-apc_en/ar-apc_en/ar-apc_en,False,,apc-en/PRETRAIN.ar-en,,True,False,True,,,6,8,2048,0.0,,6,8,2048,0.0,,512,512,512,0.1,gelu,,2026-02-16 20:19:35

as-hi/AUGMENT.SC_bn2as-hi.yaml,as,hi,,BN-AS-RNN-0-RNN-246,cuda,10,10,350000,17500,128/128/128,512/512/512,0.25,0.0005,0.01,1.0,"3,960,499",997,"1,012",,4,1000,dw87,,False,False,True,,data/CharLOTTE/augmented_data/SC/SC_bn2as-hi/train.csv,data/CharLOTTE/PLAIN/as-hi/val.csv,data/CharLOTTE/PLAIN/as-hi/test.csv,,SC_bn2as-as_hi/SC_bn2as-as_hi/SC_bn2as-as_hi,False,,as-hi/AUGMENT.SC_bn2as-hi,,True,False,True,,,6,8,2048,0.0,,6,8,2048,0.0,,512,512,512,0.1,gelu,,2026-02-16 20:19:35
as-hi/AUGMENT.as-hi.yaml,as,hi,,,cuda,10,10,350000,17500,128/128/128,512/512/512,0.25,0.0005,0.01,1.0,"3,960,499",997,"1,012",,4,1000,dw87,,False,False,True,,data/CharLOTTE/augmented_data/PLAIN/as-hi/train.csv,data/CharLOTTE/PLAIN/as-hi/val.csv,data/CharLOTTE/PLAIN/as-hi/test.csv,,bn-as_hi/bn-as_hi/bn-as_hi,False,,as-hi/AUGMENT.as-hi,,True,False,True,,,6,8,2048,0.0,,6,8,2048,0.0,,512,512,512,0.1,gelu,,2026-02-16 20:19:35
as-hi/FINETUNE.SC_bn2as-hi>>as-hi.yaml,as,hi,,BN-AS-RNN-0-RNN-246,cuda,10,10,60000,3000,128/128/128,128/128/128,0.25,5e-05,0.0,1.0,"478,962",997,"1,012",,1,1000,dw87,,False,False,False,,data/CharLOTTE/PLAIN/as-hi/train.csv,data/CharLOTTE/PLAIN/as-hi/val.csv,data/CharLOTTE/PLAIN/as-hi/test.csv,,SC_bn2as-as_hi/SC_bn2as-as_hi/SC_bn2as-as_hi,False,,as-hi/FINETUNE.SC_bn2as-hi>>as-hi,,True,False,True,as-hi/PRETRAIN.SC_bn2as-hi_TRIAL_s=1000,,6,8,2048,0.0,,6,8,2048,0.0,,512,512,512,0.1,gelu,,2026-02-16 20:19:35
as-hi/FINETUNE.bn-hi>>as-hi.yaml,as,hi,,,cuda,10,10,60000,3000,128/128/128,128/128/128,0.25,5e-05,0.0,1.0,"478,962",997,"1,012",,1,1000,dw87,,False,False,False,,data/CharLOTTE/PLAIN/as-hi/train.csv,data/CharLOTTE/PLAIN/as-hi/val.csv,data/CharLOTTE/PLAIN/as-hi/test.csv,,bn-as_hi/bn-as_hi/bn-as_hi,False,,as-hi/FINETUNE.bn-hi>>as-hi,,True,False,True,as-hi/PRETRAIN.bn-hi_TRIAL_s=1000,,6,8,2048,0.0,,6,8,2048,0.0,,512,512,512,0.1,gelu,,2026-02-16 20:19:35
as-hi/NMT.as-hi.yaml,as,hi,,,cuda,10,10,60000,3000,128/128/128,128/128/128,0.25,5e-05,0.0,1.0,"478,962",997,"1,012",,1,1000,dw87,,False,False,False,,data/CharLOTTE/PLAIN/as-hi/train.csv,data/CharLOTTE/PLAIN/as-hi/val.csv,data/CharLOTTE/PLAIN/as-hi/test.csv,,bn-as_hi/bn-as_hi/bn-as_hi,False,,as-hi/NMT.as-hi,,True,False,True,,,6,8,2048,0.0,,6,8,2048,0.0,,512,512,512,0.1,gelu,,2026-02-16 20:19:35
as-hi/PRETRAIN.SC_bn2as-hi.yaml,bn,hi,,BN-AS-RNN-0-RNN-246,cuda,10,10,350000,17500,128/128/128,512/512/512,0.25,0.0005,0.01,1.0,"3,481,537",997,"1,012",,4,1000,dw87,,False,False,False,,data/CharLOTTE/SC/SC_bn2as-hi/train.csv,data/CharLOTTE/SC/SC_bn2as-hi/val.csv,data/CharLOTTE/SC/SC_bn2as-hi/test.csv,,SC_bn2as-as_hi/SC_bn2as-as_hi/SC_bn2as-as_hi,False,,as-hi/PRETRAIN.SC_bn2as-hi,,True,False,True,,,6,8,2048,0.0,,6,8,2048,0.0,,512,512,512,0.1,gelu,,2026-02-16 20:19:35
as-hi/PRETRAIN.bn-hi.yaml,bn,hi,,,cuda,10,10,350000,17500,128/128/128,512/512/512,0.25,0.0005,0.01,1.0,"3,481,537",997,"1,012",,4,1000,dw87,,False,False,False,,data/CharLOTTE/PLAIN/bn-hi/train.csv,data/CharLOTTE/PLAIN/bn-hi/val.csv,data/CharLOTTE/PLAIN/bn-hi/test.csv,,bn-as_hi/bn-as_hi/bn-as_hi,False,,as-hi/PRETRAIN.bn-hi,,True,False,True,,,6,8,2048,0.0,,6,8,2048,0.0,,512,512,512,0.1,gelu,,2026-02-16 20:19:35

bem-en/AUGMENT.SC_lua2bem-en.yaml,bem,en,,LUA-BEM-RNN-0-RNN-249,cuda,10,10,350000,17500,128/128/128,512/512/512,0.25,0.0005,0.01,1.0,"2,527,674",997,"1,012",,4,1000,dw87,,False,False,True,,data/CharLOTTE/augmented_data/SC/SC_lua2bem-en/train.csv,data/CharLOTTE/PLAIN/bem-en/val.csv,data/CharLOTTE/PLAIN/bem-en/test.csv,,SC_lua2bem-bem_en/SC_lua2bem-bem_en/SC_lua2bem-bem_en,False,,bem-en/AUGMENT.SC_lua2bem-en,,True,False,True,,,6,8,2048,0.0,,6,8,2048,0.0,,512,512,512,0.1,gelu,,2026-02-16 20:19:35
bem-en/AUGMENT.bem-en.yaml,bem,en,,,cuda,10,10,350000,17500,128/128/128,512/512/512,0.25,0.0005,0.01,1.0,"2,527,674",997,"1,012",,4,1000,dw87,,False,False,True,,data/CharLOTTE/augmented_data/PLAIN/bem-en/train.csv,data/CharLOTTE/PLAIN/bem-en/val.csv,data/CharLOTTE/PLAIN/bem-en/test.csv,,lua-bem_en/lua-bem_en/lua-bem_en,False,,bem-en/AUGMENT.bem-en,,True,False,True,,,6,8,2048,0.0,,6,8,2048,0.0,,512,512,512,0.1,gelu,,2026-02-16 20:19:35
bem-en/FINETUNE.SC_lua2bem-en>>bem-en.yaml,bem,en,,LUA-BEM-RNN-0-RNN-249,cuda,10,10,60000,3000,128/128/128,128/128/128,0.25,5e-05,0.0,1.0,"462,128",997,"1,012",,1,1000,dw87,,False,False,False,,data/CharLOTTE/PLAIN/bem-en/train.csv,data/CharLOTTE/PLAIN/bem-en/val.csv,data/CharLOTTE/PLAIN/bem-en/test.csv,,SC_lua2bem-bem_en/SC_lua2bem-bem_en/SC_lua2bem-bem_en,False,,bem-en/FINETUNE.SC_lua2bem-en>>bem-en,,True,False,True,bem-en/PRETRAIN.SC_lua2bem-en_TRIAL_s=1000,,6,8,2048,0.0,,6,8,2048,0.0,,512,512,512,0.1,gelu,,2026-02-16 20:19:35
bem-en/FINETUNE.lua-en>>bem-en.yaml,bem,en,,,cuda,10,10,60000,3000,128/128/128,128/128/128,0.25,5e-05,0.0,1.0,"462,128",997,"1,012",,1,1000,dw87,,False,False,False,,data/CharLOTTE/PLAIN/bem-en/train.csv,data/CharLOTTE/PLAIN/bem-en/val.csv,data/CharLOTTE/PLAIN/bem-en/test.csv,,lua-bem_en/lua-bem_en/lua-bem_en,False,,bem-en/FINETUNE.lua-en>>bem-en,,True,False,True,bem-en/PRETRAIN.lua-en_TRIAL_s=1000,,6,8,2048,0.0,,6,8,2048,0.0,,512,512,512,0.1,gelu,,2026-02-16 20:19:35
bem-en/NMT.bem-en.yaml,bem,en,,,cuda,10,10,60000,3000,128/128/128,128/128/128,0.25,5e-05,0.0,1.0,"462,128",997,"1,012",,1,1000,dw87,,False,False,False,,data/CharLOTTE/PLAIN/bem-en/train.csv,data/CharLOTTE/PLAIN/bem-en/val.csv,data/CharLOTTE/PLAIN/bem-en/test.csv,,lua-bem_en/lua-bem_en/lua-bem_en,False,,bem-en/NMT.bem-en,,True,False,True,,,6,8,2048,0.0,,6,8,2048,0.0,,512,512,512,0.1,gelu,,2026-02-16 20:19:35
bem-en/PRETRAIN.SC_lua2bem-en.yaml,lua,en,,LUA-BEM-RNN-0-RNN-249,cuda,10,10,350000,17500,128/128/128,512/512/512,0.25,0.0005,0.01,1.0,"2,065,546",997,"1,012",,4,1000,dw87,,False,False,False,,data/CharLOTTE/SC/SC_lua2bem-en/train.csv,data/CharLOTTE/SC/SC_lua2bem-en/val.csv,data/CharLOTTE/SC/SC_lua2bem-en/test.csv,,SC_lua2bem-bem_en/SC_lua2bem-bem_en/SC_lua2bem-bem_en,False,,bem-en/PRETRAIN.SC_lua2bem-en,,True,False,True,,,6,8,2048,0.0,,6,8,2048,0.0,,512,512,512,0.1,gelu,,2026-02-16 20:19:35
bem-en/PRETRAIN.lua-en.yaml,lua,en,,,cuda,10,10,350000,17500,128/128/128,512/512/512,0.25,0.0005,0.01,1.0,"2,065,546",997,"1,012",,4,1000,dw87,,False,False,False,,data/CharLOTTE/PLAIN/lua-en/train.csv,data/CharLOTTE/PLAIN/lua-en/val.csv,data/CharLOTTE/PLAIN/lua-en/test.csv,,lua-bem_en/lua-bem_en/lua-bem_en,False,,bem-en/PRETRAIN.lua-en,,True,False,True,,,6,8,2048,0.0,,6,8,2048,0.0,,512,512,512,0.1,gelu,,2026-02-16 20:19:35

bho-as/AUGMENT.SC_hi2bho-as.yaml,bho,as,,HI-BHO-RNN-0-RNN-81,cuda,10,10,60000,3000,128/128/128,128/128/128,0.25,0.0005,0.01,1.0,"561,062",997,"1,012",,1,1000,dw87,,False,False,True,,data/CharLOTTE/augmented_data/SC/SC_hi2bho-as/train.csv,data/CharLOTTE/PLAIN/bho-as/val.csv,data/CharLOTTE/PLAIN/bho-as/test.csv,,SC_hi2bho-bho_as/SC_hi2bho-bho_as/SC_hi2bho-bho_as,False,,bho-as/AUGMENT.SC_hi2bho-as,,True,False,True,,,6,8,2048,0.0,,6,8,2048,0.0,,512,512,512,0.1,gelu,,2026-02-16 20:19:35
bho-as/AUGMENT.bho-as.yaml,bho,as,,,cuda,10,10,60000,3000,128/128/128,128/128/128,0.25,0.0005,0.01,1.0,"561,062",997,"1,012",,1,1000,dw87,,False,False,True,,data/CharLOTTE/augmented_data/PLAIN/bho-as/train.csv,data/CharLOTTE/PLAIN/bho-as/val.csv,data/CharLOTTE/PLAIN/bho-as/test.csv,,hi-bho_as/hi-bho_as/hi-bho_as,False,,bho-as/AUGMENT.bho-as,,True,False,True,,,6,8,2048,0.0,,6,8,2048,0.0,,512,512,512,0.1,gelu,,2026-02-16 20:19:35
bho-as/FINETUNE.SC_hi2bho-as>>bho-as.yaml,bho,as,,HI-BHO-RNN-0-RNN-81,cuda,10,10,40000,2000,64/64/64,64/64/64,0.25,5e-05,0.0,1.0,"82,100",997,"1,012",,1,1000,dw87,,False,False,False,,data/CharLOTTE/PLAIN/bho-as/train.csv,data/CharLOTTE/PLAIN/bho-as/val.csv,data/CharLOTTE/PLAIN/bho-as/test.csv,,SC_hi2bho-bho_as/SC_hi2bho-bho_as/SC_hi2bho-bho_as,False,,bho-as/FINETUNE.SC_hi2bho-as>>bho-as,,True,False,True,bho-as/PRETRAIN.SC_hi2bho-as_TRIAL_s=1000,,6,8,2048,0.0,,6,8,2048,0.0,,512,512,512,0.1,gelu,,2026-02-16 20:19:35
bho-as/FINETUNE.hi-as>>bho-as.yaml,bho,as,,,cuda,10,10,40000,2000,64/64/64,64/64/64,0.25,5e-05,0.0,1.0,"82,100",997,"1,012",,1,1000,dw87,,False,False,False,,data/CharLOTTE/PLAIN/bho-as/train.csv,data/CharLOTTE/PLAIN/bho-as/val.csv,data/CharLOTTE/PLAIN/bho-as/test.csv,,hi-bho_as/hi-bho_as/hi-bho_as,False,,bho-as/FINETUNE.hi-as>>bho-as,,True,False,True,bho-as/PRETRAIN.hi-as_TRIAL_s=1000,,6,8,2048,0.0,,6,8,2048,0.0,,512,512,512,0.1,gelu,,2026-02-16 20:19:35
bho-as/NMT.bho-as.yaml,bho,as,,,cuda,10,10,40000,2000,64/64/64,64/64/64,0.25,5e-05,0.0,1.0,"82,100",997,"1,012",,1,1000,dw87,,False,False,False,,data/CharLOTTE/PLAIN/bho-as/train.csv,data/CharLOTTE/PLAIN/bho-as/val.csv,data/CharLOTTE/PLAIN/bho-as/test.csv,,hi-bho_as/hi-bho_as/hi-bho_as,False,,bho-as/NMT.bho-as,,True,False,True,,,6,8,2048,0.0,,6,8,2048,0.0,,512,512,512,0.1,gelu,,2026-02-16 20:19:35
bho-as/PRETRAIN.SC_hi2bho-as.yaml,hi,as,,HI-BHO-RNN-0-RNN-81,cuda,10,10,60000,3000,128/128/128,128/128/128,0.25,0.0005,0.01,1.0,"478,962",997,"1,012",,1,1000,dw87,,False,False,False,,data/CharLOTTE/SC/SC_hi2bho-as/train.csv,data/CharLOTTE/SC/SC_hi2bho-as/val.csv,data/CharLOTTE/SC/SC_hi2bho-as/test.csv,,SC_hi2bho-bho_as/SC_hi2bho-bho_as/SC_hi2bho-bho_as,False,,bho-as/PRETRAIN.SC_hi2bho-as,,True,False,True,,,6,8,2048,0.0,,6,8,2048,0.0,,512,512,512,0.1,gelu,,2026-02-16 20:19:35
bho-as/PRETRAIN.hi-as.yaml,hi,as,,,cuda,10,10,60000,3000,128/128/128,128/128/128,0.25,0.0005,0.01,1.0,"478,962",997,"1,012",,1,1000,dw87,,False,False,False,,data/CharLOTTE/PLAIN/hi-as/train.csv,data/CharLOTTE/PLAIN/hi-as/val.csv,data/CharLOTTE/PLAIN/hi-as/test.csv,,hi-bho_as/hi-bho_as/hi-bho_as,False,,bho-as/PRETRAIN.hi-as,,True,False,True,,,6,8,2048,0.0,,6,8,2048,0.0,,512,512,512,0.1,gelu,,2026-02-16 20:19:35

bho-hi/AUGMENT.SC_hi2bho-hi.ATT.yaml,bho,hi,,HI-BHO-RNN-0-RNN-81,cuda,10,10,350000,17500,128/128/128,512/512/512,0.25,0.0005,0.01,1.0,"3,827,259",997,"1,012",,4,1000,dw87,,False,False,True,,data/CharLOTTE/augmented_data/SC/SC_hi2bho-hi/train.csv,data/CharLOTTE/PLAIN/bho-hi/val.csv,data/CharLOTTE/PLAIN/bho-hi/test.csv,,SC_hi2bho-bho_hi/SC_hi2bho-bho_hi/SC_hi2bho-bho_hi,False,,bho-hi/AUGMENT.SC_hi2bho-hi,,True,False,True,,,6,8,2048,0.0,,6,8,2048,0.0,,512,512,512,0.1,gelu,,2026-02-16 20:19:35
bho-hi/FINETUNE.SC_hi2bho-hi>>bho-hi.ATT.yaml,bho,hi,,HI-BHO-RNN-0-RNN-81,cuda,10,10,60000,3000,128/128/128,128/128/128,0.25,5e-05,0.0,1.0,"345,722",997,"1,012",,1,1000,dw87,,False,False,False,,data/CharLOTTE/PLAIN/bho-hi/train.csv,data/CharLOTTE/PLAIN/bho-hi/val.csv,data/CharLOTTE/PLAIN/bho-hi/test.csv,,SC_hi2bho-bho_hi/SC_hi2bho-bho_hi/SC_hi2bho-bho_hi,False,,bho-hi/FINETUNE.SC_hi2bho-hi>>bho-hi,,True,False,True,bho-hi/PRETRAIN.SC_hi2bho-hi_TRIAL_s=1000,,6,8,2048,0.0,,6,8,2048,0.0,,512,512,512,0.1,gelu,,2026-02-16 20:19:35
bho-hi/NMT.SC_bho2hi-hi.yaml,bho,hi,,BHO-HI-RNN-0-RNN-249,cuda,10,10,60000,3000,128/128/128,128/128/128,0.25,5e-05,0.0,1.0,"345,722",997,"1,012",,1,1000,dw87,,False,False,False,,data/CharLOTTE/SC/SC_bho2hi-hi/train.csv,data/CharLOTTE/SC/SC_bho2hi-hi/val.csv,data/CharLOTTE/SC/SC_bho2hi-hi/test.csv,,SC_bho2hi_hi/SC_bho2hi_hi/SC_bho2hi_hi,False,,bho-hi/NMT.SC_bho2hi-hi,,True,False,True,,,6,8,2048,0.0,,6,8,2048,0.0,,512,512,512,0.1,gelu,,2026-02-16 20:19:35
bho-hi/NMT.bho-hi.yaml,bho,hi,,,cuda,10,10,60000,3000,128/128/128,128/128/128,0.25,5e-05,0.0,1.0,"345,722",997,"1,012",,1,1000,dw87,,False,False,False,,data/CharLOTTE/PLAIN/bho-hi/train.csv,data/CharLOTTE/PLAIN/bho-hi/val.csv,data/CharLOTTE/PLAIN/bho-hi/test.csv,,bho_hi/bho_hi/bho_hi,False,,bho-hi/NMT.bho-hi,,True,False,True,,,6,8,2048,0.0,,6,8,2048,0.0,,512,512,512,0.1,gelu,,2026-02-16 20:19:35
bho-hi/PRETRAIN.SC_hi2bho-hi.ATT.yaml,bho,hi,,HI-BHO-RNN-0-RNN-81,cuda,10,10,350000,17500,128/128/128,512/512/512,0.25,0.0005,0.01,1.0,"3,481,537",997,"1,012",,4,1000,dw87,,False,False,False,,data/CharLOTTE/SC/SC_hi2bho-hi/train.csv,data/CharLOTTE/SC/SC_hi2bho-hi/val.csv,data/CharLOTTE/SC/SC_hi2bho-hi/test.csv,,SC_hi2bho-bho_hi/SC_hi2bho-bho_hi/SC_hi2bho-bho_hi,False,,bho-hi/PRETRAIN.SC_hi2bho-hi,,True,False,True,,,6,8,2048,0.0,,6,8,2048,0.0,,512,512,512,0.1,gelu,,2026-02-16 20:19:35

djk-en/AUGMENT.SC_en2djk-en.ATT.yaml,djk,en,,EN-DJK.ATT-RNN-0-RNN-27,cuda,10,10,350000,17500,128/128/128,512/512/512,0.25,0.0005,0.01,1.0,"10,009,324",565,"1,180",,4,1000,dw87,,False,False,True,,data/CharLOTTE/augmented_data/SC/SC_en2djk-en/train.csv,data/CharLOTTE/PLAIN/djk-en/val.csv,data/CharLOTTE/PLAIN/djk-en/test.csv,,SC_en2djk-djk_en/SC_en2djk-djk_en/SC_en2djk-djk_en,False,,djk-en/AUGMENT.SC_en2djk-en.ATT,,True,False,True,,,6,8,2048,0.0,,6,8,2048,0.0,,512,512,512,0.1,gelu,,2026-02-16 20:19:35
djk-en/FINETUNE.SC_en2djk-en>>djk-en.ATT.yaml,djk,en,,EN-DJK.ATT-RNN-0-RNN-27,cuda,5,10,20000,1000,32/32/32,32/32/32,0.5,5e-05,0.0,1.0,"9,335",565,"1,180",,1,1000,dw87,,False,False,False,,data/CharLOTTE/PLAIN/djk-en/train.csv,data/CharLOTTE/PLAIN/djk-en/val.csv,data/CharLOTTE/PLAIN/djk-en/test.csv,,SC_en2djk-djk_en/SC_en2djk-djk_en/SC_en2djk-djk_en,False,,djk-en/FINETUNE.SC_en2djk-en>>djk-en,,True,False,True,djk-en/PRETRAIN.SC_en2djk-en_TRIAL_s=1000,,6,8,2048,0.0,,6,8,2048,0.0,,512,512,512,0.1,gelu,,2026-02-16 20:19:35
djk-en/NMT.SC_djk2en-en.yaml,djk,en,,DJK-EN-RNN-0-RNN-9,cuda,5,10,20000,1000,32/32/32,32/32/32,0.5,5e-05,0.0,1.0,"9,335",565,"1,180",,1,1000,dw87,,False,False,False,,data/CharLOTTE/SC/SC_djk2en-en/train.csv,data/CharLOTTE/SC/SC_djk2en-en/val.csv,data/CharLOTTE/SC/SC_djk2en-en/test.csv,,SC_djk2en_en/SC_djk2en_en/SC_djk2en_en,False,,djk-en/NMT.SC_djk2en-en,,True,False,True,,,6,8,2048,0.0,,6,8,2048,0.0,,512,512,512,0.1,gelu,,2026-02-16 20:19:35
djk-en/NMT.djk-en.yaml,djk,en,,,cuda,5,10,20000,1000,32/32/32,32/32/32,0.5,5e-05,0.0,1.0,"9,335",565,"1,180",,1,1000,dw87,,False,False,False,,data/CharLOTTE/PLAIN/djk-en/train.csv,data/CharLOTTE/PLAIN/djk-en/val.csv,data/CharLOTTE/PLAIN/djk-en/test.csv,,djk_en/djk_en/djk_en,False,,djk-en/NMT.djk-en,,True,False,True,,,6,8,2048,0.0,,6,8,2048,0.0,,512,512,512,0.1,gelu,,2026-02-16 20:19:35
djk-en/PRETRAIN.SC_en2djk-en.ATT.TEST-djk-en.yaml,djk,en,,EN-DJK.ATT-RNN-0-RNN-27,cuda,10,10,350000,17500,128/128/128,512/512/512,0.25,0.0005,0.01,1.0,"9,999,989",997,"1,180",,4,1000,dw87,,False,False,False,,data/CharLOTTE/SC/SC_en2djk-en/train.csv,data/CharLOTTE/SC/SC_en2djk-en/val.csv,data/CharLOTTE/PLAIN/djk-en/test.csv,,SC_en2djk-djk_en/SC_en2djk-djk_en/SC_en2djk-djk_en,False,,djk-en/PRETRAIN.SC_en2djk-en,,True,False,True,,,6,8,2048,0.0,,6,8,2048,0.0,,512,512,512,0.1,gelu,,2026-02-16 20:19:35
djk-en/PRETRAIN.SC_en2djk-en.ATT.yaml,djk,en,,EN-DJK.ATT-RNN-0-RNN-27,cuda,10,10,350000,17500,128/128/128,512/512/512,0.25,0.0005,0.01,1.0,"9,999,989",997,"1,012",,4,1000,dw87,,False,False,False,,data/CharLOTTE/SC/SC_en2djk-en/train.csv,data/CharLOTTE/SC/SC_en2djk-en/val.csv,data/CharLOTTE/SC/SC_en2djk-en/test.csv,,SC_en2djk-djk_en/SC_en2djk-djk_en/SC_en2djk-djk_en,False,,djk-en/PRETRAIN.SC_en2djk-en,,True,False,True,,,6,8,2048,0.0,,6,8,2048,0.0,,512,512,512,0.1,gelu,,2026-02-16 20:19:35

ewe-en/AUGMENT.SC_fon2ewe-en.yaml,ewe,en,,FON-EWE-RNN-0-RNN-117,cuda,10,10,350000,17500,128/128/128,512/512/512,0.25,0.0005,0.01,1.0,"1,810,634",997,"1,012",,4,1000,dw87,,False,False,True,,data/CharLOTTE/augmented_data/SC/SC_fon2ewe-en/train.csv,data/CharLOTTE/PLAIN/ewe-en/val.csv,data/CharLOTTE/PLAIN/ewe-en/test.csv,,SC_fon2ewe-ewe_en/SC_fon2ewe-ewe_en/SC_fon2ewe-ewe_en,False,,ewe-en/AUGMENT.SC_fon2ewe-en,,True,False,True,,,6,8,2048,0.0,,6,8,2048,0.0,,512,512,512,0.1,gelu,,2026-02-16 20:19:35
ewe-en/AUGMENT.ewe-en.yaml,ewe,en,,,cuda,10,10,350000,17500,128/128/128,512/512/512,0.25,0.0005,0.01,1.0,"1,810,634",997,"1,012",,4,1000,dw87,,False,False,True,,data/CharLOTTE/augmented_data/PLAIN/ewe-en/train.csv,data/CharLOTTE/PLAIN/ewe-en/val.csv,data/CharLOTTE/PLAIN/ewe-en/test.csv,,fon-ewe_en/fon-ewe_en/fon-ewe_en,False,,ewe-en/AUGMENT.ewe-en,,True,False,True,,,6,8,2048,0.0,,6,8,2048,0.0,,512,512,512,0.1,gelu,,2026-02-16 20:19:35
ewe-en/FINETUNE.SC_fon2ewe-en>>ewe-en.yaml,ewe,en,,FON-EWE-RNN-0-RNN-117,cuda,5,10,20000,1000,32/32/32,32/32/32,0.5,5e-05,0.0,1.0,"22,196",997,"1,012",,1,1000,dw87,,False,False,False,,data/CharLOTTE/PLAIN/ewe-en/train.csv,data/CharLOTTE/PLAIN/ewe-en/val.csv,data/CharLOTTE/PLAIN/ewe-en/test.csv,,SC_fon2ewe-ewe_en/SC_fon2ewe-ewe_en/SC_fon2ewe-ewe_en,False,,ewe-en/FINETUNE.SC_fon2ewe-en>>ewe-en,,True,False,True,ewe-en/PRETRAIN.SC_fon2ewe-en_TRIAL_s=1000,,6,8,2048,0.0,,6,8,2048,0.0,,512,512,512,0.1,gelu,,2026-02-16 20:19:35
ewe-en/FINETUNE.fon-en>>ewe-en.yaml,ewe,en,,,cuda,5,10,20000,1000,32/32/32,32/32/32,0.5,5e-05,0.0,1.0,"22,196",997,"1,012",,1,1000,dw87,,False,False,False,,data/CharLOTTE/PLAIN/ewe-en/train.csv,data/CharLOTTE/PLAIN/ewe-en/val.csv,data/CharLOTTE/PLAIN/ewe-en/test.csv,,fon-ewe_en/fon-ewe_en/fon-ewe_en,False,,ewe-en/FINETUNE.fon-en>>ewe-en,,True,False,True,ewe-en/PRETRAIN.fon-en_TRIAL_s=1000,,6,8,2048,0.0,,6,8,2048,0.0,,512,512,512,0.1,gelu,,2026-02-16 20:19:35
ewe-en/NMT.ewe-en.yaml,ewe,en,,,cuda,5,10,20000,1000,32/32/32,32/32/32,0.5,5e-05,0.0,1.0,"22,196",997,"1,012",,1,1000,dw87,,False,False,False,,data/CharLOTTE/PLAIN/ewe-en/train.csv,data/CharLOTTE/PLAIN/ewe-en/val.csv,data/CharLOTTE/PLAIN/ewe-en/test.csv,,fon-ewe_en/fon-ewe_en/fon-ewe_en,False,,ewe-en/NMT.ewe-en,,True,False,True,,,6,8,2048,0.0,,6,8,2048,0.0,,512,512,512,0.1,gelu,,2026-02-16 20:19:35
ewe-en/PRETRAIN.SC_fon2ewe-en.yaml,fon,en,,FON-EWE-RNN-0-RNN-117,cuda,10,10,350000,17500,128/128/128,512/512/512,0.25,0.0005,0.01,1.0,"1,788,438",997,"1,012",,4,1000,dw87,,False,False,False,,data/CharLOTTE/SC/SC_fon2ewe-en/train.csv,data/CharLOTTE/SC/SC_fon2ewe-en/val.csv,data/CharLOTTE/SC/SC_fon2ewe-en/test.csv,,SC_fon2ewe-ewe_en/SC_fon2ewe-ewe_en/SC_fon2ewe-ewe_en,False,,ewe-en/PRETRAIN.SC_fon2ewe-en,,True,False,True,,,6,8,2048,0.0,,6,8,2048,0.0,,512,512,512,0.1,gelu,,2026-02-16 20:19:35
ewe-en/PRETRAIN.fon-en.yaml,fon,en,,,cuda,10,10,350000,17500,128/128/128,512/512/512,0.25,0.0005,0.01,1.0,"1,788,438",997,"1,012",,4,1000,dw87,,False,False,False,,data/CharLOTTE/PLAIN/fon-en/train.csv,data/CharLOTTE/PLAIN/fon-en/val.csv,data/CharLOTTE/PLAIN/fon-en/test.csv,,fon-ewe_en/fon-ewe_en/fon-ewe_en,False,,ewe-en/PRETRAIN.fon-en,,True,False,True,,,6,8,2048,0.0,,6,8,2048,0.0,,512,512,512,0.1,gelu,,2026-02-16 20:19:35

fon-fr/AUGMENT.SC_ewe2fon-fr.yaml,fon,fr,,EWE-FON-RNN-0-RNN-120,cuda,10,10,350000,17500,128/128/128,512/512/512,0.25,0.0005,0.01,1.0,"1,468,008",997,"1,012",,4,1000,dw87,,False,False,True,,data/CharLOTTE/augmented_data/SC/SC_ewe2fon-fr/train.csv,data/CharLOTTE/PLAIN/fon-fr/val.csv,data/CharLOTTE/PLAIN/fon-fr/test.csv,,SC_ewe2fon-fon_fr/SC_ewe2fon-fon_fr/SC_ewe2fon-fon_fr,False,,fon-fr/AUGMENT.SC_ewe2fon-fr,,True,False,True,,,6,8,2048,0.0,,6,8,2048,0.0,,512,512,512,0.1,gelu,,2026-02-16 20:19:35
fon-fr/AUGMENT.fon-fr.yaml,fon,fr,,,cuda,10,10,350000,17500,128/128/128,512/512/512,0.25,0.0005,0.01,1.0,"1,468,008",997,"1,012",,4,1000,dw87,,False,False,True,,data/CharLOTTE/augmented_data/PLAIN/fon-fr/train.csv,data/CharLOTTE/PLAIN/fon-fr/val.csv,data/CharLOTTE/PLAIN/fon-fr/test.csv,,ewe-fon_fr/ewe-fon_fr/ewe-fon_fr,False,,fon-fr/AUGMENT.fon-fr,,True,False,True,,,6,8,2048,0.0,,6,8,2048,0.0,,512,512,512,0.1,gelu,,2026-02-16 20:19:35
fon-fr/FINETUNE.SC_ewe2fon-fr>>fon-fr.yaml,fon,fr,,EWE-FON-RNN-0-RNN-120,cuda,10,10,60000,3000,128/128/128,128/128/128,0.25,5e-05,0.0,1.0,"543,482",997,"1,012",,1,1000,dw87,,False,False,False,,data/CharLOTTE/PLAIN/fon-fr/train.csv,data/CharLOTTE/PLAIN/fon-fr/val.csv,data/CharLOTTE/PLAIN/fon-fr/test.csv,,SC_ewe2fon-fon_fr/SC_ewe2fon-fon_fr/SC_ewe2fon-fon_fr,False,,fon-fr/FINETUNE.SC_ewe2fon-fr>>fon-fr,,True,False,True,fon-fr/PRETRAIN.SC_ewe2fon-fr_TRIAL_s=1000,,6,8,2048,0.0,,6,8,2048,0.0,,512,512,512,0.1,gelu,,2026-02-16 20:19:35
fon-fr/FINETUNE.ewe-fr>>fon-fr.yaml,fon,fr,,,cuda,10,10,60000,3000,128/128/128,128/128/128,0.25,5e-05,0.0,1.0,"543,482",997,"1,012",,1,1000,dw87,,False,False,False,,data/CharLOTTE/PLAIN/fon-fr/train.csv,data/CharLOTTE/PLAIN/fon-fr/val.csv,data/CharLOTTE/PLAIN/fon-fr/test.csv,,ewe-fon_fr/ewe-fon_fr/ewe-fon_fr,False,,fon-fr/FINETUNE.ewe-fr>>fon-fr,,True,False,True,fon-fr/PRETRAIN.ewe-fr_TRIAL_s=1000,,6,8,2048,0.0,,6,8,2048,0.0,,512,512,512,0.1,gelu,,2026-02-16 20:19:35
fon-fr/NMT.fon-fr.yaml,fon,fr,,,cuda,10,10,60000,3000,128/128/128,128/128/128,0.25,5e-05,0.0,1.0,"543,482",997,"1,012",,1,1000,dw87,,False,False,False,,data/CharLOTTE/PLAIN/fon-fr/train.csv,data/CharLOTTE/PLAIN/fon-fr/val.csv,data/CharLOTTE/PLAIN/fon-fr/test.csv,,ewe-fon_fr/ewe-fon_fr/ewe-fon_fr,False,,fon-fr/NMT.fon-fr,,True,False,True,,,6,8,2048,0.0,,6,8,2048,0.0,,512,512,512,0.1,gelu,,2026-02-16 20:19:35
fon-fr/PRETRAIN.SC_ewe2fon-fr.yaml,ewe,fr,,EWE-FON-RNN-0-RNN-120,cuda,10,10,350000,17500,128/128/128,512/512/512,0.25,0.0005,0.01,1.0,"924,526",997,"1,012",,4,1000,dw87,,False,False,False,,data/CharLOTTE/SC/SC_ewe2fon-fr/train.csv,data/CharLOTTE/SC/SC_ewe2fon-fr/val.csv,data/CharLOTTE/SC/SC_ewe2fon-fr/test.csv,,SC_ewe2fon-fon_fr/SC_ewe2fon-fon_fr/SC_ewe2fon-fon_fr,False,,fon-fr/PRETRAIN.SC_ewe2fon-fr,,True,False,True,,,6,8,2048,0.0,,6,8,2048,0.0,,512,512,512,0.1,gelu,,2026-02-16 20:19:35
fon-fr/PRETRAIN.ewe-fr.yaml,ewe,fr,,,cuda,10,10,350000,17500,128/128/128,512/512/512,0.25,0.0005,0.01,1.0,"924,526",997,"1,012",,4,1000,dw87,,False,False,False,,data/CharLOTTE/PLAIN/ewe-fr/train.csv,data/CharLOTTE/PLAIN/ewe-fr/val.csv,data/CharLOTTE/PLAIN/ewe-fr/test.csv,,ewe-fon_fr/ewe-fon_fr/ewe-fon_fr,False,,fon-fr/PRETRAIN.ewe-fr,,True,False,True,,,6,8,2048,0.0,,6,8,2048,0.0,,512,512,512,0.1,gelu,,2026-02-16 20:19:35

mfe-en/AUGMENT.SC_fr2mfe-en.yaml,mfe,en,,FR-MFE-RNN-0-RNN-102,cuda,10,10,350000,17500,128/128/128,512/512/512,0.25,0.0005,0.01,1.0,"10,019,129",472,811,,4,1000,dw87,,False,False,True,,data/CharLOTTE/augmented_data/SC/SC_fr2mfe-en/train.csv,data/CharLOTTE/PLAIN/mfe-en/val.csv,data/CharLOTTE/PLAIN/mfe-en/test.csv,,SC_fr2mfe-mfe_en/SC_fr2mfe-mfe_en/SC_fr2mfe-mfe_en,False,,mfe-en/AUGMENT.SC_fr2mfe-en,,True,False,True,,,6,8,2048,0.0,,6,8,2048,0.0,,512,512,512,0.1,gelu,,2026-02-16 20:19:35
mfe-en/AUGMENT.mfe-en.yaml,mfe,en,,,cuda,10,10,350000,17500,128/128/128,512/512/512,0.25,0.0005,0.01,1.0,"10,019,129",472,811,,4,1000,dw87,,False,False,True,,data/CharLOTTE/augmented_data/PLAIN/mfe-en/train.csv,data/CharLOTTE/PLAIN/mfe-en/val.csv,data/CharLOTTE/PLAIN/mfe-en/test.csv,,fr-mfe_en/fr-mfe_en/fr-mfe_en,False,,mfe-en/AUGMENT.mfe-en,,True,False,True,,,6,8,2048,0.0,,6,8,2048,0.0,,512,512,512,0.1,gelu,,2026-02-16 20:19:35
mfe-en/CHAR-FINETUNE.SC_fr2mfe-en>>mfe-en.yaml,mfe,en,,FR-MFE-RNN-0-RNN-102,cuda,5,10,20000,1000,32/32/32,32/32/32,0.5,5e-05,0.0,1.0,"19,140",472,811,,1,1000,dw87,,False,False,False,,data/CharLOTTE/PLAIN/mfe-en/train.csv,data/CharLOTTE/PLAIN/mfe-en/val.csv,data/CharLOTTE/PLAIN/mfe-en/test.csv,,SC_fr2mfe-mfe_en/SC_fr2mfe-mfe_en/SC_fr2mfe-mfe_en,True,,mfe-en/CHAR-FINETUNE.SC_fr2mfe-en>>mfe-en,,True,False,True,mfe-en/CHAR-PRETRAIN.SC_fr2mfe-en_TRIAL_s=1000,,6,8,2048,0.0,,6,8,2048,0.0,,1024,1024,512,0.1,gelu,,2026-02-16 20:19:35
mfe-en/CHAR-FINETUNE.fr-en>>mfe-en.yaml,mfe,en,,,cuda,5,10,20000,1000,32/32/32,32/32/32,0.5,5e-05,0.0,1.0,"19,140",472,811,,1,1000,dw87,,False,False,False,,data/CharLOTTE/PLAIN/mfe-en/train.csv,data/CharLOTTE/PLAIN/mfe-en/val.csv,data/CharLOTTE/PLAIN/mfe-en/test.csv,,fr-mfe_en/fr-mfe_en/fr-mfe_en,True,,mfe-en/CHAR-FINETUNE.fr-en>>mfe-en,,True,False,True,mfe-en/CHAR-PRETRAIN.fr-en_TRIAL_s=1000,,6,8,2048,0.0,,6,8,2048,0.0,,1024,1024,512,0.1,gelu,,2026-02-16 20:19:35
mfe-en/CHAR-PRETRAIN.SC_fr2mfe-en.yaml,fr,en,,FR-MFE-RNN-0-RNN-102,cuda,10,10,350000,17500,128/128/128,512/512/512,0.25,0.0005,0.01,1.0,"9,999,989",997,"1,012",,4,1000,dw87,,False,False,False,,data/CharLOTTE/SC/SC_fr2mfe-en/train.csv,data/CharLOTTE/SC/SC_fr2mfe-en/val.csv,data/CharLOTTE/SC/SC_fr2mfe-en/test.csv,,SC_fr2mfe-mfe_en/SC_fr2mfe-mfe_en/SC_fr2mfe-mfe_en,True,,mfe-en/CHAR-PRETRAIN.SC_fr2mfe-en,,True,False,True,,,6,8,2048,0.0,,6,8,2048,0.0,,1024,1024,512,0.1,gelu,,2026-02-16 20:19:35
mfe-en/CHAR-PRETRAIN.fr-en.yaml,fr,en,,,cuda,10,10,350000,17500,128/128/128,512/512/512,0.25,0.0005,0.01,1.0,"9,999,989",997,"1,012",,4,1000,dw87,,False,False,False,,data/CharLOTTE/PLAIN/fr-en/train.csv,data/CharLOTTE/PLAIN/fr-en/val.csv,data/CharLOTTE/PLAIN/fr-en/test.csv,,fr-mfe_en/fr-mfe_en/fr-mfe_en,True,,mfe-en/CHAR-PRETRAIN.fr-en,,True,False,True,,,6,8,2048,0.0,,6,8,2048,0.0,,1024,1024,512,0.1,gelu,,2026-02-16 20:19:35
mfe-en/FINETUNE.SC_fr2mfe-en>>mfe-en.yaml,mfe,en,,FR-MFE-RNN-0-RNN-102,cuda,5,10,20000,1000,32/32/32,32/32/32,0.5,5e-05,0.0,1.0,"19,140",472,811,,1,1000,dw87,,False,False,False,,data/CharLOTTE/PLAIN/mfe-en/train.csv,data/CharLOTTE/PLAIN/mfe-en/val.csv,data/CharLOTTE/PLAIN/mfe-en/test.csv,,SC_fr2mfe-mfe_en/SC_fr2mfe-mfe_en/SC_fr2mfe-mfe_en,False,,mfe-en/FINETUNE.SC_fr2mfe-en>>mfe-en,,True,False,True,mfe-en/PRETRAIN.SC_fr2mfe-en_TRIAL_s=1000,,6,8,2048,0.0,,6,8,2048,0.0,,512,512,512,0.1,gelu,,2026-02-16 20:19:35
mfe-en/FINETUNE.fr-en>>mfe-en.yaml,mfe,en,,,cuda,5,10,20000,1000,32/32/32,32/32/32,0.5,5e-05,0.0,1.0,"19,140",472,811,,1,1000,dw87,,False,False,False,,data/CharLOTTE/PLAIN/mfe-en/train.csv,data/CharLOTTE/PLAIN/mfe-en/val.csv,data/CharLOTTE/PLAIN/mfe-en/test.csv,,fr-mfe_en/fr-mfe_en/fr-mfe_en,False,,mfe-en/FINETUNE.fr-en>>mfe-en,,True,False,True,mfe-en/PRETRAIN.fr-en_TRIAL_s=1000,,6,8,2048,0.0,,6,8,2048,0.0,,512,512,512,0.1,gelu,,2026-02-16 20:19:35
mfe-en/NMT.mfe-en.yaml,mfe,en,,,cuda,5,10,20000,1000,32/32/32,32/32/32,0.5,5e-05,0.0,1.0,"19,140",472,811,,1,1000,dw87,,False,False,False,,data/CharLOTTE/PLAIN/mfe-en/train.csv,data/CharLOTTE/PLAIN/mfe-en/val.csv,data/CharLOTTE/PLAIN/mfe-en/test.csv,,fr-mfe_en/fr-mfe_en/fr-mfe_en,False,,mfe-en/NMT.mfe-en,,True,False,True,,,6,8,2048,0.0,,6,8,2048,0.0,,512,512,512,0.1,gelu,,2026-02-16 20:19:35
mfe-en/PRETRAIN.SC_fr2mfe-en.TEST-mfe-en.yaml,fr,en,,FR-MFE-RNN-0-RNN-102,cuda,10,10,350000,17500,128/128/128,512/512/512,0.25,0.0005,0.01,1.0,"9,999,989",997,811,,4,1000,dw87,,False,False,False,,data/CharLOTTE/SC/SC_fr2mfe-en/train.csv,data/CharLOTTE/SC/SC_fr2mfe-en/val.csv,data/CharLOTTE/PLAIN/mfe-en/test.csv,,SC_fr2mfe-mfe_en/SC_fr2mfe-mfe_en/SC_fr2mfe-mfe_en,False,,mfe-en/PRETRAIN.SC_fr2mfe-en,,True,False,True,,,6,8,2048,0.0,,6,8,2048,0.0,,512,512,512,0.1,gelu,,2026-02-16 20:19:35
mfe-en/PRETRAIN.SC_fr2mfe-en.no_grad_clip.yaml,fr,en,,FR-MFE-RNN-0-RNN-102,cuda,10,10,350000,17500,128/128/128,512/512/512,0.25,0.0005,0.01,,"9,999,989",997,"1,012",,4,1000,dw87,,False,False,False,,data/CharLOTTE/SC/SC_fr2mfe-en/train.csv,data/CharLOTTE/SC/SC_fr2mfe-en/val.csv,data/CharLOTTE/SC/SC_fr2mfe-en/test.csv,,SC_fr2mfe-mfe_en/SC_fr2mfe-mfe_en/SC_fr2mfe-mfe_en,False,,mfe-en/PRETRAIN.SC_fr2mfe-en.no_grad_clip,,True,False,True,,,6,8,2048,0.0,,6,8,2048,0.0,,512,512,512,0.1,gelu,,2026-02-16 20:19:35
mfe-en/PRETRAIN.SC_fr2mfe-en.yaml,fr,en,,FR-MFE-RNN-0-RNN-102,cuda,10,10,350000,17500,128/128/128,512/512/512,0.25,0.0005,0.01,1.0,"9,999,989",997,"1,012",,4,1000,dw87,,False,False,False,,data/CharLOTTE/SC/SC_fr2mfe-en/train.csv,data/CharLOTTE/SC/SC_fr2mfe-en/val.csv,data/CharLOTTE/SC/SC_fr2mfe-en/test.csv,,SC_fr2mfe-mfe_en/SC_fr2mfe-mfe_en/SC_fr2mfe-mfe_en,False,,mfe-en/PRETRAIN.SC_fr2mfe-en,,True,False,True,,,6,8,2048,0.0,,6,8,2048,0.0,,512,512,512,0.1,gelu,,2026-02-16 20:19:35
mfe-en/PRETRAIN.fr-en.TEST-mfe-en.yaml,fr,en,,,cuda,10,10,350000,17500,128/128/128,512/512/512,0.25,0.0005,0.01,1.0,"9,999,989",997,811,,4,1000,dw87,,False,False,False,,data/CharLOTTE/PLAIN/fr-en/train.csv,data/CharLOTTE/PLAIN/fr-en/val.csv,data/CharLOTTE/PLAIN/mfe-en/test.csv,,fr-mfe_en/fr-mfe_en/fr-mfe_en,False,,mfe-en/PRETRAIN.fr-en,,True,False,True,,,6,8,2048,0.0,,6,8,2048,0.0,,512,512,512,0.1,gelu,,2026-02-16 20:19:35
mfe-en/PRETRAIN.fr-en.yaml,fr,en,,,cuda,10,10,350000,17500,128/128/128,512/512/512,0.25,0.0005,0.01,1.0,"9,999,989",997,"1,012",,4,1000,dw87,,False,False,False,,data/CharLOTTE/PLAIN/fr-en/train.csv,data/CharLOTTE/PLAIN/fr-en/val.csv,data/CharLOTTE/PLAIN/fr-en/test.csv,,fr-mfe_en/fr-mfe_en/fr-mfe_en,False,,mfe-en/PRETRAIN.fr-en,,True,False,True,,,6,8,2048,0.0,,6,8,2048,0.0,,512,512,512,0.1,gelu,,2026-02-16 20:19:35

mfe-en_chosen_0/AUGMENT.SC_fr2mfe-en.yaml,mfe,en,,FR-MFE-RNN-0-RNN-102,cuda,10,10,350000,17500,128/128/128,512/512/512,0.25,0.0005,0.01,1.0,"10,019,129",472,811,,4,1000,dw87,,False,False,True,,data/CharLOTTE/augmented_data/SC/SC_fr2mfe-en/train.csv,data/CharLOTTE/PLAIN/mfe-en/val.csv,data/CharLOTTE/PLAIN/mfe-en/test.csv,,SC_fr2mfe-mfe_en_0/SC_fr2mfe-mfe_en/SC_fr2mfe-mfe_en,False,,mfe-en_chosen_0/AUGMENT.SC_fr2mfe-en,,True,False,True,,,6,8,2048,0.0,,6,8,2048,0.0,,512,512,512,0.1,gelu,,2026-02-16 20:19:35
mfe-en_chosen_0/AUGMENT.mfe-en.yaml,mfe,en,,,cuda,10,10,350000,17500,128/128/128,512/512/512,0.25,0.0005,0.01,1.0,"10,019,129",472,811,,4,1000,dw87,,False,False,True,,data/CharLOTTE/augmented_data/PLAIN/mfe-en/train.csv,data/CharLOTTE/PLAIN/mfe-en/val.csv,data/CharLOTTE/PLAIN/mfe-en/test.csv,,fr-mfe_en/fr-mfe_en/fr-mfe_en,False,,mfe-en_chosen_0/AUGMENT.mfe-en,,True,False,True,,,6,8,2048,0.0,,6,8,2048,0.0,,512,512,512,0.1,gelu,,2026-02-16 20:19:35
mfe-en_chosen_0/CHAR-FINETUNE.SC_fr2mfe-en>>mfe-en.yaml,mfe,en,,FR-MFE-RNN-0-RNN-102,cuda,5,10,20000,1000,32/32/32,32/32/32,0.5,5e-05,0.0,1.0,"19,140",472,811,,1,1000,dw87,,False,False,False,,data/CharLOTTE/PLAIN/mfe-en/train.csv,data/CharLOTTE/PLAIN/mfe-en/val.csv,data/CharLOTTE/PLAIN/mfe-en/test.csv,,SC_fr2mfe-mfe_en_0/SC_fr2mfe-mfe_en/SC_fr2mfe-mfe_en,True,,mfe-en_chosen_0/CHAR-FINETUNE.SC_fr2mfe-en>>mfe-en,,True,False,True,mfe-en/CHAR-PRETRAIN.SC_fr2mfe-en_TRIAL_s=1000,,6,8,2048,0.0,,6,8,2048,0.0,,1024,1024,512,0.1,gelu,,2026-02-16 20:19:35
mfe-en_chosen_0/CHAR-FINETUNE.fr-en>>mfe-en.yaml,mfe,en,,,cuda,5,10,20000,1000,32/32/32,32/32/32,0.5,5e-05,0.0,1.0,"19,140",472,811,,1,1000,dw87,,False,False,False,,data/CharLOTTE/PLAIN/mfe-en/train.csv,data/CharLOTTE/PLAIN/mfe-en/val.csv,data/CharLOTTE/PLAIN/mfe-en/test.csv,,fr-mfe_en/fr-mfe_en/fr-mfe_en,True,,mfe-en_chosen_0/CHAR-FINETUNE.fr-en>>mfe-en,,True,False,True,mfe-en/CHAR-PRETRAIN.fr-en_TRIAL_s=1000,,6,8,2048,0.0,,6,8,2048,0.0,,1024,1024,512,0.1,gelu,,2026-02-16 20:19:35
mfe-en_chosen_0/CHAR-PRETRAIN.SC_fr2mfe-en.yaml,fr,en,,FR-MFE-RNN-0-RNN-102,cuda,10,10,350000,17500,128/128/128,512/512/512,0.25,0.0005,0.01,1.0,"9,999,989",997,"1,012",,4,1000,dw87,,False,False,False,,data/CharLOTTE/SC/SC_fr2mfe-en/train.csv,data/CharLOTTE/SC/SC_fr2mfe-en/val.csv,data/CharLOTTE/SC/SC_fr2mfe-en/test.csv,,SC_fr2mfe-mfe_en_0/SC_fr2mfe-mfe_en/SC_fr2mfe-mfe_en,True,,mfe-en_chosen_0/CHAR-PRETRAIN.SC_fr2mfe-en,,True,False,True,,,6,8,2048,0.0,,6,8,2048,0.0,,1024,1024,512,0.1,gelu,,2026-02-16 20:19:35
mfe-en_chosen_0/CHAR-PRETRAIN.fr-en.yaml,fr,en,,,cuda,10,10,350000,17500,128/128/128,512/512/512,0.25,0.0005,0.01,1.0,"9,999,989",997,"1,012",,4,1000,dw87,,False,False,False,,data/CharLOTTE/PLAIN/fr-en/train.csv,data/CharLOTTE/PLAIN/fr-en/val.csv,data/CharLOTTE/PLAIN/fr-en/test.csv,,fr-mfe_en/fr-mfe_en/fr-mfe_en,True,,mfe-en_chosen_0/CHAR-PRETRAIN.fr-en,,True,False,True,,,6,8,2048,0.0,,6,8,2048,0.0,,1024,1024,512,0.1,gelu,,2026-02-16 20:19:35
mfe-en_chosen_0/FINETUNE.SC_fr2mfe-en>>mfe-en.yaml,mfe,en,,FR-MFE-RNN-0-RNN-102,cuda,5,10,20000,1000,32/32/32,32/32/32,0.5,5e-05,0.0,1.0,"19,140",472,811,,1,1000,dw87,,False,False,False,,data/CharLOTTE/PLAIN/mfe-en/train.csv,data/CharLOTTE/PLAIN/mfe-en/val.csv,data/CharLOTTE/PLAIN/mfe-en/test.csv,,SC_fr2mfe-mfe_en_0/SC_fr2mfe-mfe_en/SC_fr2mfe-mfe_en,False,,mfe-en_chosen_0/FINETUNE.SC_fr2mfe-en>>mfe-en,,True,False,True,mfe-en_chosen_0/PRETRAIN.SC_fr2mfe-en_TRIAL_s=1000,,6,8,2048,0.0,,6,8,2048,0.0,,512,512,512,0.1,gelu,,2026-02-16 20:19:35
mfe-en_chosen_0/FINETUNE.fr-en>>mfe-en.yaml,mfe,en,,,cuda,5,10,20000,1000,32/32/32,32/32/32,0.5,5e-05,0.0,1.0,"19,140",472,811,,1,1000,dw87,,False,False,False,,data/CharLOTTE/PLAIN/mfe-en/train.csv,data/CharLOTTE/PLAIN/mfe-en/val.csv,data/CharLOTTE/PLAIN/mfe-en/test.csv,,fr-mfe_en/fr-mfe_en/fr-mfe_en,False,,mfe-en_chosen_0/FINETUNE.fr-en>>mfe-en,,True,False,True,mfe-en_chosen_0/PRETRAIN.fr-en_TRIAL_s=1000,,6,8,2048,0.0,,6,8,2048,0.0,,512,512,512,0.1,gelu,,2026-02-16 20:19:35
mfe-en_chosen_0/NMT.mfe-en.yaml,mfe,en,,,cuda,5,10,20000,1000,32/32/32,32/32/32,0.5,5e-05,0.0,1.0,"19,140",472,811,,1,1000,dw87,,False,False,False,,data/CharLOTTE/PLAIN/mfe-en/train.csv,data/CharLOTTE/PLAIN/mfe-en/val.csv,data/CharLOTTE/PLAIN/mfe-en/test.csv,,fr-mfe_en/fr-mfe_en/fr-mfe_en,False,,mfe-en_chosen_0/NMT.mfe-en,,True,False,True,,,6,8,2048,0.0,,6,8,2048,0.0,,512,512,512,0.1,gelu,,2026-02-16 20:19:35
mfe-en_chosen_0/PRETRAIN.SC_fr2mfe-en.TEST-mfe-en.yaml,fr,en,,FR-MFE-RNN-0-RNN-102,cuda,10,10,350000,17500,128/128/128,512/512/512,0.25,0.0005,0.01,1.0,"9,999,989",997,811,,4,1000,dw87,,False,False,False,,data/CharLOTTE/SC/SC_fr2mfe-en/train.csv,data/CharLOTTE/SC/SC_fr2mfe-en/val.csv,data/CharLOTTE/PLAIN/mfe-en/test.csv,,SC_fr2mfe-mfe_en_0/SC_fr2mfe-mfe_en/SC_fr2mfe-mfe_en,False,,mfe-en_chosen_0/PRETRAIN.SC_fr2mfe-en,,True,False,True,,,6,8,2048,0.0,,6,8,2048,0.0,,512,512,512,0.1,gelu,,2026-02-16 20:19:35
mfe-en_chosen_0/PRETRAIN.SC_fr2mfe-en.no_grad_clip.yaml,fr,en,,FR-MFE-RNN-0-RNN-102,cuda,10,10,350000,17500,128/128/128,512/512/512,0.25,0.0005,0.01,,"9,999,989",997,"1,012",,4,1000,dw87,,False,False,False,,data/CharLOTTE/SC/SC_fr2mfe-en/train.csv,data/CharLOTTE/SC/SC_fr2mfe-en/val.csv,data/CharLOTTE/SC/SC_fr2mfe-en/test.csv,,SC_fr2mfe-mfe_en_0/SC_fr2mfe-mfe_en/SC_fr2mfe-mfe_en,False,,mfe-en_chosen_0/PRETRAIN.SC_fr2mfe-en.no_grad_clip,,True,False,True,,,6,8,2048,0.0,,6,8,2048,0.0,,512,512,512,0.1,gelu,,2026-02-16 20:19:35
mfe-en_chosen_0/PRETRAIN.SC_fr2mfe-en.yaml,fr,en,,FR-MFE-RNN-0-RNN-102,cuda,10,10,350000,17500,128/128/128,512/512/512,0.25,0.0005,0.01,1.0,"9,999,989",997,"1,012",,4,1000,dw87,,False,False,False,,data/CharLOTTE/SC/SC_fr2mfe-en/train.csv,data/CharLOTTE/SC/SC_fr2mfe-en/val.csv,data/CharLOTTE/SC/SC_fr2mfe-en/test.csv,,SC_fr2mfe-mfe_en_0/SC_fr2mfe-mfe_en/SC_fr2mfe-mfe_en,False,,mfe-en_chosen_0/PRETRAIN.SC_fr2mfe-en,,True,False,True,,,6,8,2048,0.0,,6,8,2048,0.0,,512,512,512,0.1,gelu,,2026-02-16 20:19:35
mfe-en_chosen_0/PRETRAIN.fr-en.TEST-mfe-en.yaml,fr,en,,,cuda,10,10,350000,17500,128/128/128,512/512/512,0.25,0.0005,0.01,1.0,"9,999,989",997,811,,4,1000,dw87,,False,False,False,,data/CharLOTTE/PLAIN/fr-en/train.csv,data/CharLOTTE/PLAIN/fr-en/val.csv,data/CharLOTTE/PLAIN/mfe-en/test.csv,,fr-mfe_en/fr-mfe_en/fr-mfe_en,False,,mfe-en_chosen_0/PRETRAIN.fr-en,,True,False,True,,,6,8,2048,0.0,,6,8,2048,0.0,,512,512,512,0.1,gelu,,2026-02-16 20:19:35
mfe-en_chosen_0/PRETRAIN.fr-en.yaml,fr,en,,,cuda,10,10,350000,17500,128/128/128,512/512/512,0.25,0.0005,0.01,1.0,"9,999,989",997,"1,012",,4,1000,dw87,,False,False,False,,data/CharLOTTE/PLAIN/fr-en/train.csv,data/CharLOTTE/PLAIN/fr-en/val.csv,data/CharLOTTE/PLAIN/fr-en/test.csv,,fr-mfe_en/fr-mfe_en/fr-mfe_en,False,,mfe-en_chosen_0/PRETRAIN.fr-en,,True,False,True,,,6,8,2048,0.0,,6,8,2048,0.0,,512,512,512,0.1,gelu,,2026-02-16 20:19:35

mfe-en_chosen_2/AUGMENT.SC_fr2mfe-en.yaml,mfe,en,,FR-MFE-RNN-0-RNN-102,cuda,10,10,350000,17500,128/128/128,512/512/512,0.25,0.0005,0.01,1.0,"10,019,129",472,811,,4,1000,dw87,,False,False,True,,data/CharLOTTE/augmented_data/SC/SC_fr2mfe-en/train.csv,data/CharLOTTE/PLAIN/mfe-en/val.csv,data/CharLOTTE/PLAIN/mfe-en/test.csv,,SC_fr2mfe-mfe_en_2/SC_fr2mfe-mfe_en/SC_fr2mfe-mfe_en,False,,mfe-en_chosen_2/AUGMENT.SC_fr2mfe-en,,True,False,True,,,6,8,2048,0.0,,6,8,2048,0.0,,512,512,512,0.1,gelu,,2026-02-16 20:19:35
mfe-en_chosen_2/AUGMENT.mfe-en.yaml,mfe,en,,,cuda,10,10,350000,17500,128/128/128,512/512/512,0.25,0.0005,0.01,1.0,"10,019,129",472,811,,4,1000,dw87,,False,False,True,,data/CharLOTTE/augmented_data/PLAIN/mfe-en/train.csv,data/CharLOTTE/PLAIN/mfe-en/val.csv,data/CharLOTTE/PLAIN/mfe-en/test.csv,,fr-mfe_en/fr-mfe_en/fr-mfe_en,False,,mfe-en_chosen_2/AUGMENT.mfe-en,,True,False,True,,,6,8,2048,0.0,,6,8,2048,0.0,,512,512,512,0.1,gelu,,2026-02-16 20:19:35
mfe-en_chosen_2/CHAR-FINETUNE.SC_fr2mfe-en>>mfe-en.yaml,mfe,en,,FR-MFE-RNN-0-RNN-102,cuda,5,10,20000,1000,32/32/32,32/32/32,0.5,5e-05,0.0,1.0,"19,140",472,811,,1,1000,dw87,,False,False,False,,data/CharLOTTE/PLAIN/mfe-en/train.csv,data/CharLOTTE/PLAIN/mfe-en/val.csv,data/CharLOTTE/PLAIN/mfe-en/test.csv,,SC_fr2mfe-mfe_en_2/SC_fr2mfe-mfe_en/SC_fr2mfe-mfe_en,True,,mfe-en_chosen_2/CHAR-FINETUNE.SC_fr2mfe-en>>mfe-en,,True,False,True,mfe-en/CHAR-PRETRAIN.SC_fr2mfe-en_TRIAL_s=1000,,6,8,2048,0.0,,6,8,2048,0.0,,1024,1024,512,0.1,gelu,,2026-02-16 20:19:35
mfe-en_chosen_2/CHAR-FINETUNE.fr-en>>mfe-en.yaml,mfe,en,,,cuda,5,10,20000,1000,32/32/32,32/32/32,0.5,5e-05,0.0,1.0,"19,140",472,811,,1,1000,dw87,,False,False,False,,data/CharLOTTE/PLAIN/mfe-en/train.csv,data/CharLOTTE/PLAIN/mfe-en/val.csv,data/CharLOTTE/PLAIN/mfe-en/test.csv,,fr-mfe_en/fr-mfe_en/fr-mfe_en,True,,mfe-en_chosen_2/CHAR-FINETUNE.fr-en>>mfe-en,,True,False,True,mfe-en/CHAR-PRETRAIN.fr-en_TRIAL_s=1000,,6,8,2048,0.0,,6,8,2048,0.0,,1024,1024,512,0.1,gelu,,2026-02-16 20:19:35
mfe-en_chosen_2/CHAR-PRETRAIN.SC_fr2mfe-en.yaml,fr,en,,FR-MFE-RNN-0-RNN-102,cuda,10,10,350000,17500,128/128/128,512/512/512,0.25,0.0005,0.01,1.0,"9,999,989",997,"1,012",,4,1000,dw87,,False,False,False,,data/CharLOTTE/SC/SC_fr2mfe-en/train.csv,data/CharLOTTE/SC/SC_fr2mfe-en/val.csv,data/CharLOTTE/SC/SC_fr2mfe-en/test.csv,,SC_fr2mfe-mfe_en_2/SC_fr2mfe-mfe_en/SC_fr2mfe-mfe_en,True,,mfe-en_chosen_2/CHAR-PRETRAIN.SC_fr2mfe-en,,True,False,True,,,6,8,2048,0.0,,6,8,2048,0.0,,1024,1024,512,0.1,gelu,,2026-02-16 20:19:35
mfe-en_chosen_2/CHAR-PRETRAIN.fr-en.yaml,fr,en,,,cuda,10,10,350000,17500,128/128/128,512/512/512,0.25,0.0005,0.01,1.0,"9,999,989",997,"1,012",,4,1000,dw87,,False,False,False,,data/CharLOTTE/PLAIN/fr-en/train.csv,data/CharLOTTE/PLAIN/fr-en/val.csv,data/CharLOTTE/PLAIN/fr-en/test.csv,,fr-mfe_en/fr-mfe_en/fr-mfe_en,True,,mfe-en_chosen_2/CHAR-PRETRAIN.fr-en,,True,False,True,,,6,8,2048,0.0,,6,8,2048,0.0,,1024,1024,512,0.1,gelu,,2026-02-16 20:19:35
mfe-en_chosen_2/FINETUNE.SC_fr2mfe-en>>mfe-en.yaml,mfe,en,,FR-MFE-RNN-0-RNN-102,cuda,5,10,20000,1000,32/32/32,32/32/32,0.5,5e-05,0.0,1.0,"19,140",472,811,,1,1000,dw87,,False,False,False,,data/CharLOTTE/PLAIN/mfe-en/train.csv,data/CharLOTTE/PLAIN/mfe-en/val.csv,data/CharLOTTE/PLAIN/mfe-en/test.csv,,SC_fr2mfe-mfe_en_2/SC_fr2mfe-mfe_en/SC_fr2mfe-mfe_en,False,,mfe-en_chosen_2/FINETUNE.SC_fr2mfe-en>>mfe-en,,True,False,True,mfe-en_chosen_2/PRETRAIN.SC_fr2mfe-en_TRIAL_s=1000,,6,8,2048,0.0,,6,8,2048,0.0,,512,512,512,0.1,gelu,,2026-02-16 20:19:35
mfe-en_chosen_2/FINETUNE.fr-en>>mfe-en.yaml,mfe,en,,,cuda,5,10,20000,1000,32/32/32,32/32/32,0.5,5e-05,0.0,1.0,"19,140",472,811,,1,1000,dw87,,False,False,False,,data/CharLOTTE/PLAIN/mfe-en/train.csv,data/CharLOTTE/PLAIN/mfe-en/val.csv,data/CharLOTTE/PLAIN/mfe-en/test.csv,,fr-mfe_en/fr-mfe_en/fr-mfe_en,False,,mfe-en_chosen_2/FINETUNE.fr-en>>mfe-en,,True,False,True,mfe-en_chosen_2/PRETRAIN.fr-en_TRIAL_s=1000,,6,8,2048,0.0,,6,8,2048,0.0,,512,512,512,0.1,gelu,,2026-02-16 20:19:35
mfe-en_chosen_2/NMT.mfe-en.yaml,mfe,en,,,cuda,5,10,20000,1000,32/32/32,32/32/32,0.5,5e-05,0.0,1.0,"19,140",472,811,,1,1000,dw87,,False,False,False,,data/CharLOTTE/PLAIN/mfe-en/train.csv,data/CharLOTTE/PLAIN/mfe-en/val.csv,data/CharLOTTE/PLAIN/mfe-en/test.csv,,fr-mfe_en/fr-mfe_en/fr-mfe_en,False,,mfe-en_chosen_2/NMT.mfe-en,,True,False,True,,,6,8,2048,0.0,,6,8,2048,0.0,,512,512,512,0.1,gelu,,2026-02-16 20:19:35
mfe-en_chosen_2/PRETRAIN.SC_fr2mfe-en.TEST-mfe-en.yaml,fr,en,,FR-MFE-RNN-0-RNN-102,cuda,10,10,350000,17500,128/128/128,512/512/512,0.25,0.0005,0.01,1.0,"9,999,989",997,811,,4,1000,dw87,,False,False,False,,data/CharLOTTE/SC/SC_fr2mfe-en/train.csv,data/CharLOTTE/SC/SC_fr2mfe-en/val.csv,data/CharLOTTE/PLAIN/mfe-en/test.csv,,SC_fr2mfe-mfe_en_2/SC_fr2mfe-mfe_en/SC_fr2mfe-mfe_en,False,,mfe-en_chosen_2/PRETRAIN.SC_fr2mfe-en,,True,False,True,,,6,8,2048,0.0,,6,8,2048,0.0,,512,512,512,0.1,gelu,,2026-02-16 20:19:35
mfe-en_chosen_2/PRETRAIN.SC_fr2mfe-en.no_grad_clip.yaml,fr,en,,FR-MFE-RNN-0-RNN-102,cuda,10,10,350000,17500,128/128/128,512/512/512,0.25,0.0005,0.01,,"9,999,989",997,"1,012",,4,1000,dw87,,False,False,False,,data/CharLOTTE/SC/SC_fr2mfe-en/train.csv,data/CharLOTTE/SC/SC_fr2mfe-en/val.csv,data/CharLOTTE/SC/SC_fr2mfe-en/test.csv,,SC_fr2mfe-mfe_en_2/SC_fr2mfe-mfe_en/SC_fr2mfe-mfe_en,False,,mfe-en_chosen_2/PRETRAIN.SC_fr2mfe-en.no_grad_clip,,True,False,True,,,6,8,2048,0.0,,6,8,2048,0.0,,512,512,512,0.1,gelu,,2026-02-16 20:19:35
mfe-en_chosen_2/PRETRAIN.SC_fr2mfe-en.yaml,fr,en,,FR-MFE-RNN-0-RNN-102,cuda,10,10,350000,17500,128/128/128,512/512/512,0.25,0.0005,0.01,1.0,"9,999,989",997,"1,012",,4,1000,dw87,,False,False,False,,data/CharLOTTE/SC/SC_fr2mfe-en/train.csv,data/CharLOTTE/SC/SC_fr2mfe-en/val.csv,data/CharLOTTE/SC/SC_fr2mfe-en/test.csv,,SC_fr2mfe-mfe_en_2/SC_fr2mfe-mfe_en/SC_fr2mfe-mfe_en,False,,mfe-en_chosen_2/PRETRAIN.SC_fr2mfe-en,,True,False,True,,,6,8,2048,0.0,,6,8,2048,0.0,,512,512,512,0.1,gelu,,2026-02-16 20:19:35
mfe-en_chosen_2/PRETRAIN.fr-en.TEST-mfe-en.yaml,fr,en,,,cuda,10,10,350000,17500,128/128/128,512/512/512,0.25,0.0005,0.01,1.0,"9,999,989",997,811,,4,1000,dw87,,False,False,False,,data/CharLOTTE/PLAIN/fr-en/train.csv,data/CharLOTTE/PLAIN/fr-en/val.csv,data/CharLOTTE/PLAIN/mfe-en/test.csv,,fr-mfe_en/fr-mfe_en/fr-mfe_en,False,,mfe-en_chosen_2/PRETRAIN.fr-en,,True,False,True,,,6,8,2048,0.0,,6,8,2048,0.0,,512,512,512,0.1,gelu,,2026-02-16 20:19:35
mfe-en_chosen_2/PRETRAIN.fr-en.yaml,fr,en,,,cuda,10,10,350000,17500,128/128/128,512/512/512,0.25,0.0005,0.01,1.0,"9,999,989",997,"1,012",,4,1000,dw87,,False,False,False,,data/CharLOTTE/PLAIN/fr-en/train.csv,data/CharLOTTE/PLAIN/fr-en/val.csv,data/CharLOTTE/PLAIN/fr-en/test.csv,,fr-mfe_en/fr-mfe_en/fr-mfe_en,False,,mfe-en_chosen_2/PRETRAIN.fr-en,,True,False,True,,,6,8,2048,0.0,,6,8,2048,0.0,,512,512,512,0.1,gelu,,2026-02-16 20:19:35

mfx-enx/FINETUNE.SC_frx2mfx-enx>>mfx-enx.yaml,mfx,enx,,FRX-MFX-RNN-0-RNN-132,cuda,5,10,20000,1000,32/32/32,32/32/32,0.5,5e-05,0.0,1.0,"19,140",472,811,,1,1000,dw87,,False,False,False,,data/CharLOTTE/PLAIN/mfx-enx/train.csv,data/CharLOTTE/PLAIN/mfx-enx/val.csv,data/CharLOTTE/PLAIN/mfx-enx/test.csv,,SC_frx2mfx-mfx_enx/SC_frx2mfx-mfx_enx/SC_frx2mfx-mfx_enx,False,,mfx-enx/FINETUNE.SC_frx2mfx-enx>>mfx-enx,,True,False,True,mfx-enx/PRETRAIN.SC_frx2mfx-enx_TRIAL_s=1000,,6,8,2048,0.0,,6,8,2048,0.0,,512,512,512,0.1,gelu,,2026-02-16 20:19:35
mfx-enx/FINETUNE.frx-enx>>mfx-enx.yaml,mfx,enx,,,cuda,5,10,20000,1000,32/32/32,32/32/32,0.5,5e-05,0.0,1.0,"19,140",472,811,,1,1000,dw87,,False,False,False,,data/CharLOTTE/PLAIN/mfx-enx/train.csv,data/CharLOTTE/PLAIN/mfx-enx/val.csv,data/CharLOTTE/PLAIN/mfx-enx/test.csv,,frx-mfx_enx/frx-mfx_enx/frx-mfx_enx,False,,mfx-enx/FINETUNE.frx-enx>>mfx-enx,,True,False,True,mfx-enx/PRETRAIN.frx-enx_TRIAL_s=1000,,6,8,2048,0.0,,6,8,2048,0.0,,512,512,512,0.1,gelu,,2026-02-16 20:19:35
mfx-enx/NMT.mfx-enx.yaml,mfx,enx,,,cuda,5,10,20000,1000,32/32/32,32/32/32,0.5,5e-05,0.0,1.0,"19,140",472,811,,1,1000,dw87,,False,False,False,,data/CharLOTTE/PLAIN/mfx-enx/train.csv,data/CharLOTTE/PLAIN/mfx-enx/val.csv,data/CharLOTTE/PLAIN/mfx-enx/test.csv,,frx-mfx_enx/frx-mfx_enx/frx-mfx_enx,False,,mfx-enx/NMT.mfx-enx,,True,False,True,,,6,8,2048,0.0,,6,8,2048,0.0,,512,512,512,0.1,gelu,,2026-02-16 20:19:35
mfx-enx/PRETRAIN.SC_frx2mfx-enx.yaml,frx,enx,,FRX-MFX-RNN-0-RNN-132,cuda,10,10,350000,17500,128/128/128,512/512/512,0.25,0.0005,0.01,1.0,"9,999,989",997,"1,012",,4,1000,dw87,,False,False,False,,data/CharLOTTE/SC/SC_frx2mfx-enx/train.csv,data/CharLOTTE/SC/SC_frx2mfx-enx/val.csv,data/CharLOTTE/SC/SC_frx2mfx-enx/test.csv,,SC_frx2mfx-mfx_enx/SC_frx2mfx-mfx_enx/SC_frx2mfx-mfx_enx,False,,mfx-enx/PRETRAIN.SC_frx2mfx-enx,,True,False,True,,,6,8,2048,0.0,,6,8,2048,0.0,,512,512,512,0.1,gelu,,2026-02-16 20:19:35
mfx-enx/PRETRAIN.frx-enx.yaml,frx,enx,,,cuda,10,10,350000,17500,128/128/128,512/512/512,0.25,0.0005,0.01,1.0,"9,999,989",997,"1,012",,4,1000,dw87,,False,False,False,,data/CharLOTTE/PLAIN/frx-enx/train.csv,data/CharLOTTE/PLAIN/frx-enx/val.csv,data/CharLOTTE/PLAIN/frx-enx/test.csv,,frx-mfx_enx/frx-mfx_enx/frx-mfx_enx,False,,mfx-enx/PRETRAIN.frx-enx,,True,False,True,,,6,8,2048,0.0,,6,8,2048,0.0,,512,512,512,0.1,gelu,,2026-02-16 20:19:35

mfy-eny/FINETUNE.SC_fry2mfy-eny>>mfy-eny.yaml,mfy,eny,,FRY-MFY-RNN-0-RNN-192,cuda,5,10,20000,1000,32/32/32,32/32/32,0.5,5e-05,0.0,1.0,"19,140",472,811,,1,1000,dw87,,False,False,False,,data/CharLOTTE/PLAIN/mfy-eny/train.csv,data/CharLOTTE/PLAIN/mfy-eny/val.csv,data/CharLOTTE/PLAIN/mfy-eny/test.csv,,SC_fry2mfy-mfy_eny/SC_fry2mfy-mfy_eny/SC_fry2mfy-mfy_eny,False,,mfy-eny/FINETUNE.SC_fry2mfy-eny>>mfy-eny,,True,False,True,mfy-eny/PRETRAIN.SC_fry2mfy-eny_TRIAL_s=1000,,6,8,2048,0.0,,6,8,2048,0.0,,512,512,512,0.1,gelu,,2026-02-16 20:19:35
mfy-eny/FINETUNE.fry-eny>>mfy-eny.yaml,mfy,eny,,,cuda,5,10,20000,1000,32/32/32,32/32/32,0.5,5e-05,0.0,1.0,"19,140",472,811,,1,1000,dw87,,False,False,False,,data/CharLOTTE/PLAIN/mfy-eny/train.csv,data/CharLOTTE/PLAIN/mfy-eny/val.csv,data/CharLOTTE/PLAIN/mfy-eny/test.csv,,fry-mfy_eny/fry-mfy_eny/fry-mfy_eny,False,,mfy-eny/FINETUNE.fry-eny>>mfy-eny,,True,False,True,mfy-eny/PRETRAIN.fry-eny_TRIAL_s=1000,,6,8,2048,0.0,,6,8,2048,0.0,,512,512,512,0.1,gelu,,2026-02-16 20:19:35
mfy-eny/NMT.mfy-eny.yaml,mfy,eny,,,cuda,5,10,20000,1000,32/32/32,32/32/32,0.5,5e-05,0.0,1.0,"19,140",472,811,,1,1000,dw87,,False,False,False,,data/CharLOTTE/PLAIN/mfy-eny/train.csv,data/CharLOTTE/PLAIN/mfy-eny/val.csv,data/CharLOTTE/PLAIN/mfy-eny/test.csv,,fry-mfy_eny/fry-mfy_eny/fry-mfy_eny,False,,mfy-eny/NMT.mfy-eny,,True,False,True,,,6,8,2048,0.0,,6,8,2048,0.0,,512,512,512,0.1,gelu,,2026-02-16 20:19:35
mfy-eny/PRETRAIN.SC_fry2mfy-eny.yaml,fry,eny,,FRY-MFY-RNN-0-RNN-192,cuda,10,10,350000,17500,128/128/128,512/512/512,0.25,0.0005,0.01,1.0,"9,999,989",997,"1,012",,4,1000,dw87,,False,False,False,,data/CharLOTTE/SC/SC_fry2mfy-eny/train.csv,data/CharLOTTE/SC/SC_fry2mfy-eny/val.csv,data/CharLOTTE/SC/SC_fry2mfy-eny/test.csv,,SC_fry2mfy-mfy_eny/SC_fry2mfy-mfy_eny/SC_fry2mfy-mfy_eny,False,,mfy-eny/PRETRAIN.SC_fry2mfy-eny,,True,False,True,,,6,8,2048,0.0,,6,8,2048,0.0,,512,512,512,0.1,gelu,,2026-02-16 20:19:35
mfy-eny/PRETRAIN.fry-eny.yaml,fry,eny,,,cuda,10,10,350000,17500,128/128/128,512/512/512,0.25,0.0005,0.01,1.0,"9,999,989",997,"1,012",,4,1000,dw87,,False,False,False,,data/CharLOTTE/PLAIN/fry-eny/train.csv,data/CharLOTTE/PLAIN/fry-eny/val.csv,data/CharLOTTE/PLAIN/fry-eny/test.csv,,fry-mfy_eny/fry-mfy_eny/fry-mfy_eny,False,,mfy-eny/PRETRAIN.fry-eny,,True,False,True,,,6,8,2048,0.0,,6,8,2048,0.0,,512,512,512,0.1,gelu,,2026-02-16 20:19:35

oc-en/FINETUNE.SC_fr2oc-en>>oc-en.yaml,oc,en,,FR-OC-RNN-0-RNN-251,cuda,10,10,150000,7500,128/128/128,512/512/512,0.25,5e-05,0.01,1.0,"1,536,211",997,"1,012",,4,1000,dw87,,False,False,False,,data/CharLOTTE/PLAIN/oc-en/train.csv,data/CharLOTTE/PLAIN/oc-en/val.csv,data/CharLOTTE/PLAIN/oc-en/test.csv,,SC_fr2oc-oc_en/SC_fr2oc-oc_en/SC_fr2oc-oc_en,False,,oc-en/FINETUNE.SC_fr2oc-en>>oc-en,,True,False,True,oc-en/PRETRAIN.SC_fr2oc-en_TRIAL_s=1000,,6,8,2048,0.0,,6,8,2048,0.0,,512,512,512,0.1,gelu,,2026-02-16 20:19:35
oc-en/FINETUNE.fr-en>>oc-en.yaml,oc,en,,,cuda,10,10,150000,7500,128/128/128,512/512/512,0.25,5e-05,0.01,1.0,"1,536,211",997,"1,012",,4,1000,dw87,,False,False,False,,data/CharLOTTE/PLAIN/oc-en/train.csv,data/CharLOTTE/PLAIN/oc-en/val.csv,data/CharLOTTE/PLAIN/oc-en/test.csv,,fr-oc_en/fr-oc_en/fr-oc_en,False,,oc-en/FINETUNE.fr-en>>oc-en,,True,False,True,oc-en/PRETRAIN.fr-en_TRIAL_s=1000,,6,8,2048,0.0,,6,8,2048,0.0,,512,512,512,0.1,gelu,,2026-02-16 20:19:35
oc-en/NMT.oc-en.yaml,oc,en,,,cuda,10,10,200000,10000,128/128/128,512/512/512,0.25,0.0003,0.01,1.0,"1,536,211",997,"1,012",,4,1000,dw87,,False,False,False,,data/CharLOTTE/PLAIN/oc-en/train.csv,data/CharLOTTE/PLAIN/oc-en/val.csv,data/CharLOTTE/PLAIN/oc-en/test.csv,,fr-oc_en/fr-oc_en/fr-oc_en,False,,oc-en/NMT.oc-en,,True,False,True,,,6,8,2048,0.0,,6,8,2048,0.0,,512,512,512,0.1,gelu,,2026-02-16 20:19:35
oc-en/PRETRAIN.SC_fr2oc-en.TEST-oc-en.yaml,fr,en,,FR-OC-RNN-0-RNN-251,cuda,10,10,350000,17500,128/128/128,512/512/512,0.25,0.0005,0.01,1.0,"9,999,989",997,"1,012",,4,1000,dw87,,False,False,False,,data/CharLOTTE/SC/SC_fr2oc-en/train.csv,data/CharLOTTE/SC/SC_fr2oc-en/val.csv,data/CharLOTTE/PLAIN/oc-en/test.csv,,SC_fr2oc-oc_en/SC_fr2oc-oc_en/SC_fr2oc-oc_en,False,,oc-en/PRETRAIN.SC_fr2oc-en,,True,False,True,,,6,8,2048,0.0,,6,8,2048,0.0,,512,512,512,0.1,gelu,,2026-02-16 20:19:35
oc-en/PRETRAIN.SC_fr2oc-en.yaml,fr,en,,FR-OC-RNN-0-RNN-251,cuda,10,10,350000,17500,128/128/128,512/512/512,0.25,0.0005,0.01,1.0,"9,999,989",997,"1,012",,4,1000,dw87,,False,False,False,,data/CharLOTTE/SC/SC_fr2oc-en/train.csv,data/CharLOTTE/SC/SC_fr2oc-en/val.csv,data/CharLOTTE/SC/SC_fr2oc-en/test.csv,,SC_fr2oc-oc_en/SC_fr2oc-oc_en/SC_fr2oc-oc_en,False,,oc-en/PRETRAIN.SC_fr2oc-en,,True,False,True,,,6,8,2048,0.0,,6,8,2048,0.0,,512,512,512,0.1,gelu,,2026-02-16 20:19:35
oc-en/PRETRAIN.fr-en.TEST-oc-en.yaml,fr,en,,,cuda,10,10,350000,17500,128/128/128,512/512/512,0.25,0.0005,0.01,1.0,"9,999,989",997,"1,012",,4,1000,dw87,,False,False,False,,data/CharLOTTE/PLAIN/fr-en/train.csv,data/CharLOTTE/PLAIN/fr-en/val.csv,data/CharLOTTE/PLAIN/oc-en/test.csv,,fr-oc_en/fr-oc_en/fr-oc_en,False,,oc-en/PRETRAIN.fr-en,,True,False,True,,,6,8,2048,0.0,,6,8,2048,0.0,,512,512,512,0.1,gelu,,2026-02-16 20:19:35
oc-en/PRETRAIN.fr-en.yaml,fr,en,,,cuda,10,10,350000,17500,128/128/128,512/512/512,0.25,0.0005,0.01,1.0,"9,999,989",997,"1,012",,4,1000,dw87,,False,False,False,,data/CharLOTTE/PLAIN/fr-en/train.csv,data/CharLOTTE/PLAIN/fr-en/val.csv,data/CharLOTTE/PLAIN/fr-en/test.csv,,fr-oc_en/fr-oc_en/fr-oc_en,False,,oc-en/PRETRAIN.fr-en,,True,False,True,,,6,8,2048,0.0,,6,8,2048,0.0,,512,512,512,0.1,gelu,,2026-02-16 20:19:35

